serial_num,bug_id,bug_issue_url,bug_fixed_files,Android_env,FL_script,file_amount
1,markor1652,https://github.com/gsantner/markor/issues/1652,net/gsantner/opoc/ui/FilesystemViewerFragment.java,Android10,FL4markor1.py,161
2,markor1668,https://github.com/gsantner/markor/issues/1668,net/gsantner/opoc/util/ContextUtils.java;other/writeily/ui/WrRenameDialog.java,Android10,FL4markor1.py,161
3,markor1695,https://github.com/gsantner/markor/issues/1695,net/gsantner/opoc/util/FileUtils.java,Android10,FL4markor1.py,162
4,markor2153,https://github.com/gsantner/markor/issues/2153,net/gsantner/markor/activity/MainActivity.java;net/gsantner/opoc/ui/FilesystemViewerAdapter.java,Android10,FL4markor1.py,167
5,markor2199,https://github.com/gsantner/markor/issues/2199,net/gsantner/markor/activity/MainActivity.java;net/gsantner/markor/frontend/NewFileDialog.java;net/gsantner/markor/model/AppSettings.java;net/gsantner/opoc/format/GsTextUtils.java;net/gsantner/opoc/frontend/filebrowser/GsFileBrowserListAdapter.java;net/gsantner/opoc/frontend/filebrowser/GsFileBrowserOptions.java;net/gsantner/opoc/util/GsContextUtils.java,Android8,FL4markor2.py,167
6,markor2250,https://github.com/gsantner/markor/issues/2250,net/gsantner/markor/activity/MainActivity.java;net/gsantner/markor/format/ActionButtonBase.java;net/gsantner/markor/frontend/NewFileDialog.java;net/gsantner/opoc/format/GsTextUtils.java,Android8,FL4markor2.py,167
7,amaze3991,https://github.com/TeamAmaze/AmazeFileManager/issues/3991,com/amaze/filemanager/asynchronous/asynctasks/LoadFilesListTask.java,Android10,FL4amaze.py,201
8,omni937,https://github.com/federicoiosue/Omni-Notes/issues/937,it/feio/android/omninotes/ListFragment.java,Android10,FL4omni1.py,213
9,omni938,https://github.com/federicoiosue/Omni-Notes/issues/938,it/feio/android/omninotes/DetailFragment.java,Android10,FL4omni1.py,213
10,omni939,https://github.com/federicoiosue/Omni-Notes/issues/939,it/feio/android/omninotes/ListFragment.java,Android10,FL4omni1.py,213
11,omni942,https://github.com/federicoiosue/Omni-Notes/issues/942,it/feio/android/omninotes/utils/TagsHelper.java,Android10,FL4omni1.py,213
12,omni945,https://github.com/federicoiosue/Omni-Notes/issues/945,it/feio/android/omninotes/CategoryActivity.java;it/feio/android/omninotes/async/CategoryMenuTask.java;it/feio/android/omninotes/models/Category.java,Android10,FL4omni1.py,213
13,omni949,https://github.com/federicoiosue/Omni-Notes/issues/949,it/feio/android/omninotes/DetailFragment.java;it/feio/android/omninotes/utils/TagsHelper.java,Android10,FL4omni1.py,212
14,omni950,https://github.com/federicoiosue/Omni-Notes/issues/950,it/feio/android/omninotes/db/DbHelper.java,Android10,FL4omni2.py,212
15,omni951,https://github.com/federicoiosue/Omni-Notes/issues/951,it/feio/android/omninotes/ListFragment.java,Android10,FL4omni2.py,212
16,omni954,https://github.com/federicoiosue/Omni-Notes/issues/954,it/feio/android/omninotes/db/DbHelper.java,Android10,FL4omni2.py,212
17,omni956,https://github.com/federicoiosue/Omni-Notes/issues/956,it/feio/android/omninotes/ListFragment.java;it/feio/android/omninotes/models/Note.java,Android10,FL4omni2.py,212
18,omni981,https://github.com/federicoiosue/Omni-Notes/issues/981,it/feio/android/omninotes/ListFragment.java,Android10,FL4omni2.py,211
19,anki20279,https://github.com/ankidroid/Anki-Android/issues/20279,com/ichi2/anki/browser/search/SearchFilters.kt;com/ichi2/anki/browser/search/SearchRequest.kt;com/ichi2/anki/browser/search/SearchString.kt;com/ichi2/anki/browser/CardBrowserViewModel.kt;com/ichi2/anki/model/SelectableDeck.kt;com/ichi2/anki/AnkiDroidJsAPI.kt;com/ichi2/anki/CardBrowser.kt;com/ichi2/anki/libanki/Collection.kt,Android16,FL4ankiDroid.py,1330
20,diary132,https://github.com/ramack/ActivityDiary/issues/132,de/rampro/activitydiary/ui/main/MainActivity.java,Android10,FL4activity_diary.py,132
21,diary155,https://github.com/ramack/ActivityDiary/issues/155,de/rampro/activitydiary/ui/main/MainActivity.java,Android10,FL4activity_diary.py,132
22,aard140,https://github.com/itkach/aard2-android/issues/140,itkach/aard2/BlobDescriptorList.java,Android10,FL4aard2.py,32
23,tasks3426,https://github.com/tasks/tasks/issues/3426,com/todoroo/astrid/activity/TaskListFragment.kt,Android16,FL4tasks.py,3078
