app,issue,instance_id,project_total_files,num_ground_truth,ground_truth_files,ground_truth_ranks,ranked_files_matched,best_rank,hit@1,hit@5,hit@10,exam_score
Markor,#1652,01,161,1,app/src/main/java/net/gsantner/opoc/ui/FilesystemViewerAdapter.java,40,,40,0,0,0,24.84
Markor,#1668,02,161,2,app/src/main/java/net/gsantner/opoc/util/ContextUtils.java; app/thirdparty/java/other/writeily/ui/WrRenameDialog.java,1; 5,,1,1,1,1,0.62
Markor,#1695,03,162,1,app/src/main/java/net/gsantner/opoc/util/FileUtils.java,7,,7,0,1,1,4.32
Markor,#2153,04,167,11,app/src/main/java/net/gsantner/markor/activity/MainActivity.java; app/src/main/java/net/gsantner/markor/format/FormatRegistry.java; app/src/main/java/net/gsantner/markor/format/todotxt/TodoTxtAutoTextFormatter.java; app/src/main/java/net/gsantner/markor/frontend/MarkorDialogFactory.java; app/src/main/java/net/gsantner/markor/frontend/NewFileDialog.java; app/src/main/java/net/gsantner/markor/model/AppSettings.java; app/src/main/java/net/gsantner/opoc/format/GsTextUtils.java; app/src/main/java/net/gsantner/opoc/frontend/filebrowser/GsFileBrowserListAdapter.java; app/src/main/java/net/gsantner/opoc/frontend/filebrowser/GsFileBrowserOptions.java; app/src/main/java/net/gsantner/opoc/util/GsContextUtils.java; app/thirdparty/java/other/writeily/widget/WrFilesWidgetFactory.java,3; 7; 11; 15; 24; 31; 43; 49; 65; 99; 118,,3,0,1,1,1.80
Markor,#2199,06,167,11,app/src/main/java/net/gsantner/markor/activity/MainActivity.java; app/src/main/java/net/gsantner/markor/format/FormatRegistry.java; app/src/main/java/net/gsantner/markor/format/todotxt/TodoTxtAutoTextFormatter.java; app/src/main/java/net/gsantner/markor/frontend/MarkorDialogFactory.java; app/src/main/java/net/gsantner/markor/frontend/NewFileDialog.java; app/src/main/java/net/gsantner/markor/model/AppSettings.java; app/src/main/java/net/gsantner/opoc/format/GsTextUtils.java; app/src/main/java/net/gsantner/opoc/frontend/filebrowser/GsFileBrowserListAdapter.java; app/src/main/java/net/gsantner/opoc/frontend/filebrowser/GsFileBrowserOptions.java; app/src/main/java/net/gsantner/opoc/util/GsContextUtils.java; app/thirdparty/java/other/writeily/widget/WrFilesWidgetFactory.java,1; 3; 12; 13; 24; 31; 41; 42; 53; 100; 102,,1,1,1,1,0.60
Markor,#2250,07,167,11,app/src/main/java/net/gsantner/markor/activity/MainActivity.java; app/src/main/java/net/gsantner/markor/format/FormatRegistry.java; app/src/main/java/net/gsantner/markor/format/todotxt/TodoTxtAutoTextFormatter.java; app/src/main/java/net/gsantner/markor/frontend/MarkorDialogFactory.java; app/src/main/java/net/gsantner/markor/frontend/NewFileDialog.java; app/src/main/java/net/gsantner/markor/model/AppSettings.java; app/src/main/java/net/gsantner/opoc/format/GsTextUtils.java; app/src/main/java/net/gsantner/opoc/frontend/filebrowser/GsFileBrowserListAdapter.java; app/src/main/java/net/gsantner/opoc/frontend/filebrowser/GsFileBrowserOptions.java; app/src/main/java/net/gsantner/opoc/util/GsContextUtils.java; app/thirdparty/java/other/writeily/widget/WrFilesWidgetFactory.java,1; 3; 8; 16; 23; 33; 47; 49; 59; 117; 127,,1,1,1,1,0.60
Amaze File Manager,#3991,08,201,1,app/src/main/java/com/amaze/filemanager/asynchronous/asynctasks/LoadFilesListTask.java,2,,2,0,1,1,1.00
Omni-Notes,#937,10,213,1,src/main/java/it/feio/android/omninotes/ListFragment.java,1,,1,1,1,1,0.47
Omni-Notes,#938,11,213,1,src/main/java/it/feio/android/omninotes/DetailFragment.java,3,,3,0,1,1,1.41
Omni-Notes,#939,12,213,1,src/main/java/it/feio/android/omninotes/ListFragment.java,1,,1,1,1,1,0.47
Omni-Notes,#942,13,213,2,src/main/java/it/feio/android/omninotes/utils/TagsHelper.java; src/test/java/it/feio/android/omninotes/utils/TagsHelperTest.java,1; 2,,1,1,1,1,0.47
Omni-Notes,#945,14,213,3,src/main/java/it/feio/android/omninotes/CategoryActivity.java; src/main/java/it/feio/android/omninotes/async/CategoryMenuTask.java; src/main/java/it/feio/android/omninotes/models/Category.java,1; 11; 15,,1,1,1,1,0.47
Omni-Notes,#949,15,212,2,src/main/java/it/feio/android/omninotes/DetailFragment.java; src/main/java/it/feio/android/omninotes/utils/TagsHelper.java,2; 4,,2,0,1,1,0.94
Omni-Notes,#950,16,212,1,src/main/java/it/feio/android/omninotes/db/DbHelper.java,3,,3,0,1,1,1.42
Omni-Notes,#951,17,212,1,src/main/java/it/feio/android/omninotes/ListFragment.java,3,,3,0,1,1,1.42
Omni-Notes,#954,18,212,1,src/main/java/it/feio/android/omninotes/db/DbHelper.java,3,,3,0,1,1,1.42
Omni-Notes,#956,19,212,4,src/androidTest/java/it/feio/android/omninotes/db/DbHelperTest.java; src/main/java/it/feio/android/omninotes/ListFragment.java; src/main/java/it/feio/android/omninotes/db/DbHelper.java; src/main/java/it/feio/android/omninotes/models/Note.java,2; 4; 7; 25,,2,0,1,1,0.94
Omni-Notes,#981,20,211,1,src/main/java/it/feio/android/omninotes/ListFragment.java,1,,1,1,1,1,0.47
AnkiDroid,#20279,24,886,12,src/main/java/com/ichi2/anki/browser/search/SearchFilters.kt; src/main/java/com/ichi2/anki/browser/search/SearchRequest.kt; src/main/java/com/ichi2/anki/browser/search/SearchString.kt; src/main/java/com/ichi2/anki/browser/CardBrowserViewModel.kt; src/main/java/com/ichi2/anki/model/SelectableDeck.kt; src/main/java/com/ichi2/anki/AnkiDroidJsAPI.kt; src/main/java/com/ichi2/anki/CardBrowser.kt; src/test/java/com/ichi2/anki/browser/search/SearchFiltersTest.kt; src/test/java/com/ichi2/anki/browser/search/SearchRequestTest.kt; src/test/java/com/ichi2/anki/browser/search/SearchStringTest.kt; src/test/java/com/ichi2/anki/browser/CardBrowserViewModelTest.kt; src/test/java/com/ichi2/anki/CardBrowserTest.kt,9; 13; 16; 20; 65; 210,,9,0,0,1,0.68
Activity Diary,#132,21,36,1,src/main/java/de/rampro/activitydiary/ui/main/MainActivity.java,1,,1,1,1,1,0.76
Activity Diary,#155,22,37,1,src/main/java/de/rampro/activitydiary/ui/main/MainActivity.java,1,,1,1,1,1,0.76
Aard2,#140,23,28,1,src/itkach/aard2/BlobDescriptorList.java,1,,1,1,1,1,3.12
Tasks,#3426,26,633,1,app/src/main/java/com/todoroo/astrid/activity/TaskListFragment.kt,3,,3,0,1,1,0.10
