app,issue,instance_id,total_files,num_ground_truth,ground_truth_files,n_identified,identified_files_unranked,first_buggy_rank,hit@1,hit@5,hit@10,exam_score
Markor,#1652,01,161,1,app/src/main/java/net/gsantner/opoc/ui/FilesystemViewerAdapter.java,3,app/src/main/java/net/gsantner/markor/ui/fsearch/SearchEngine.java; app/src/main/java/net/gsantner/markor/ui/fsearch/FileSearchDialog.java; app/src/main/java/net/gsantner/opoc/ui/FilesystemViewerFragment.java,N/A,0,0,0,100.00
Markor,#1668,02,161,2,app/src/main/java/net/gsantner/opoc/util/ContextUtils.java; app/thirdparty/java/other/writeily/ui/WrRenameDialog.java,1,thirdparty/java/other/writeily/ui/WrRenameDialog.java,1,1,1,1,0.62
Markor,#1695,03,162,1,app/src/main/java/net/gsantner/opoc/util/FileUtils.java,1,thirdparty/java/other/writeily/ui/WrRenameDialog.java,N/A,0,0,0,100.00
Markor,#2153,04,167,11,app/src/main/java/net/gsantner/markor/activity/MainActivity.java; app/src/main/java/net/gsantner/markor/format/FormatRegistry.java; app/src/main/java/net/gsantner/markor/format/todotxt/TodoTxtAutoTextFormatter.java; app/src/main/java/net/gsantner/markor/frontend/MarkorDialogFactory.java; app/src/main/java/net/gsantner/markor/frontend/NewFileDialog.java; app/src/main/java/net/gsantner/markor/model/AppSettings.java; app/src/main/java/net/gsantner/opoc/format/GsTextUtils.java; app/src/main/java/net/gsantner/opoc/frontend/filebrowser/GsFileBrowserListAdapter.java; app/src/main/java/net/gsantner/opoc/frontend/filebrowser/GsFileBrowserOptions.java; app/src/main/java/net/gsantner/opoc/util/GsContextUtils.java; app/thirdparty/java/other/writeily/widget/WrFilesWidgetFactory.java,4,app/src/main/java/net/gsantner/markor/activity/DocumentActivity.java; app/src/main/java/net/gsantner/markor/model/AppSettings.java; app/src/main/java/net/gsantner/markor/frontend/filebrowser/MarkorFileBrowserFactory.java; app/src/main/java/net/gsantner/markor/activity/MoreFragment.java,2,0,1,1,1.20
Markor,#2199,06,167,11,app/src/main/java/net/gsantner/markor/activity/MainActivity.java; app/src/main/java/net/gsantner/markor/format/FormatRegistry.java; app/src/main/java/net/gsantner/markor/format/todotxt/TodoTxtAutoTextFormatter.java; app/src/main/java/net/gsantner/markor/frontend/MarkorDialogFactory.java; app/src/main/java/net/gsantner/markor/frontend/NewFileDialog.java; app/src/main/java/net/gsantner/markor/model/AppSettings.java; app/src/main/java/net/gsantner/opoc/format/GsTextUtils.java; app/src/main/java/net/gsantner/opoc/frontend/filebrowser/GsFileBrowserListAdapter.java; app/src/main/java/net/gsantner/opoc/frontend/filebrowser/GsFileBrowserOptions.java; app/src/main/java/net/gsantner/opoc/util/GsContextUtils.java; app/thirdparty/java/other/writeily/widget/WrFilesWidgetFactory.java,2,app/src/main/java/net/gsantner/markor/frontend/NewFileDialog.java; app/src/main/java/net/gsantner/markor/frontend/filebrowser/MarkorFileBrowserFactory.java,1,1,1,1,0.60
Markor,#2250,07,167,11,app/src/main/java/net/gsantner/markor/activity/MainActivity.java; app/src/main/java/net/gsantner/markor/format/FormatRegistry.java; app/src/main/java/net/gsantner/markor/format/todotxt/TodoTxtAutoTextFormatter.java; app/src/main/java/net/gsantner/markor/frontend/MarkorDialogFactory.java; app/src/main/java/net/gsantner/markor/frontend/NewFileDialog.java; app/src/main/java/net/gsantner/markor/model/AppSettings.java; app/src/main/java/net/gsantner/opoc/format/GsTextUtils.java; app/src/main/java/net/gsantner/opoc/frontend/filebrowser/GsFileBrowserListAdapter.java; app/src/main/java/net/gsantner/opoc/frontend/filebrowser/GsFileBrowserOptions.java; app/src/main/java/net/gsantner/opoc/util/GsContextUtils.java; app/thirdparty/java/other/writeily/widget/WrFilesWidgetFactory.java,4,app/src/main/java/net/gsantner/opoc/frontend/filebrowser/GsFileBrowserFragment.java; app/src/main/java/net/gsantner/markor/frontend/NewFileDialog.java; app/src/main/java/net/gsantner/markor/frontend/filebrowser/MarkorFileBrowserFactory.java; app/src/main/java/net/gsantner/opoc/frontend/filebrowser/GsFileBrowserListAdapter.java,2,0,1,1,1.20
Amaze File Manager,#3991,08,201,1,app/src/main/java/com/amaze/filemanager/asynchronous/asynctasks/LoadFilesListTask.java,3,app/src/main/java/com/amaze/filemanager/database/daos/HistoryEntryDao.java; app/src/main/java/com/amaze/filemanager/utils/DataUtils.java; app/src/main/java/com/amaze/filemanager/database/models/utilities/History.java,N/A,0,0,0,100.00
Omni-Notes,#937,10,213,1,src/main/java/it/feio/android/omninotes/ListFragment.java,3,src/main/java/it/feio/android/omninotes/db/DbHelper.java; src/main/java/it/feio/android/omninotes/ListFragment.java; src/main/java/it/feio/android/omninotes/async/notes/NoteLoaderTask.java,2,0,1,1,0.94
Omni-Notes,#938,11,213,1,src/main/java/it/feio/android/omninotes/DetailFragment.java,3,src/main/java/it/feio/android/omninotes/db/DbHelper.java; src/main/java/it/feio/android/omninotes/async/CategoryMenuTask.java; src/main/java/it/feio/android/omninotes/DetailFragment.java,3,0,1,1,1.41
Omni-Notes,#939,12,213,1,src/main/java/it/feio/android/omninotes/ListFragment.java,3,src/main/java/it/feio/android/omninotes/ListFragment.java; src/main/java/it/feio/android/omninotes/MainActivity.java; src/main/java/it/feio/android/omninotes/async/notes/NoteLoaderTask.java,1,1,1,1,0.47
Omni-Notes,#942,13,213,2,src/main/java/it/feio/android/omninotes/utils/TagsHelper.java; src/test/java/it/feio/android/omninotes/utils/TagsHelperTest.java,5,src/main/java/it/feio/android/omninotes/utils/TagsHelper.java; src/main/java/it/feio/android/omninotes/DetailFragment.java; src/main/java/it/feio/android/omninotes/models/Note.java; src/main/java/it/feio/android/omninotes/db/DbHelper.java; src/main/java/it/feio/android/omninotes/async/notes/SaveNoteTask.java,1,1,1,1,0.47
Omni-Notes,#945,14,213,3,src/main/java/it/feio/android/omninotes/CategoryActivity.java; src/main/java/it/feio/android/omninotes/async/CategoryMenuTask.java; src/main/java/it/feio/android/omninotes/models/Category.java,3,src/main/java/it/feio/android/omninotes/CategoryActivity.java; src/main/java/it/feio/android/omninotes/db/DbHelper.java; src/main/java/it/feio/android/omninotes/async/CategoryMenuTask.java,1,1,1,1,0.47
Omni-Notes,#949,15,212,2,src/main/java/it/feio/android/omninotes/DetailFragment.java; src/main/java/it/feio/android/omninotes/utils/TagsHelper.java,3,src/main/java/it/feio/android/omninotes/DetailFragment.java; src/main/java/it/feio/android/omninotes/utils/TagsHelper.java; src/main/java/it/feio/android/omninotes/utils/TextHelper.java,1,1,1,1,0.47
Omni-Notes,#950,16,212,1,src/main/java/it/feio/android/omninotes/db/DbHelper.java,2,src/main/java/it/feio/android/omninotes/CategoryActivity.java; src/main/java/it/feio/android/omninotes/db/DbHelper.java,2,0,1,1,0.94
Omni-Notes,#951,17,212,1,src/main/java/it/feio/android/omninotes/ListFragment.java,5,src/main/java/it/feio/android/omninotes/db/DbHelper.java; src/main/java/it/feio/android/omninotes/utils/TagsHelper.java; src/main/java/it/feio/android/omninotes/ListFragment.java; src/main/java/it/feio/android/omninotes/models/Note.java; src/main/java/it/feio/android/omninotes/models/Tag.java,3,0,1,1,1.42
Omni-Notes,#954,18,212,1,src/main/java/it/feio/android/omninotes/db/DbHelper.java,2,main/java/it/feio/android/omninotes/db/DbHelper.java; main/java/it/feio/android/omninotes/async/CategoryMenuTask.java,1,1,1,1,0.47
Omni-Notes,#956,19,212,4,src/androidTest/java/it/feio/android/omninotes/db/DbHelperTest.java; src/main/java/it/feio/android/omninotes/ListFragment.java; src/main/java/it/feio/android/omninotes/db/DbHelper.java; src/main/java/it/feio/android/omninotes/models/Note.java,3,src/main/java/it/feio/android/omninotes/db/DbHelper.java; src/main/java/it/feio/android/omninotes/utils/TagsHelper.java; src/main/java/it/feio/android/omninotes/async/notes/NoteLoaderTask.java,1,1,1,1,0.47
Omni-Notes,#981,20,211,1,src/main/java/it/feio/android/omninotes/ListFragment.java,4,src/main/java/it/feio/android/omninotes/ListFragment.java; src/main/java/it/feio/android/omninotes/async/notes/NoteLoaderTask.java; src/main/java/it/feio/android/omninotes/MainActivity.java; src/main/java/it/feio/android/omninotes/models/adapters/NoteAdapter.java,1,1,1,1,0.47
AnkiDroid,#20279,24,886,12,src/main/java/com/ichi2/anki/browser/search/SearchFilters.kt; src/main/java/com/ichi2/anki/browser/search/SearchRequest.kt; src/main/java/com/ichi2/anki/browser/search/SearchString.kt; src/main/java/com/ichi2/anki/browser/CardBrowserViewModel.kt; src/main/java/com/ichi2/anki/model/SelectableDeck.kt; src/main/java/com/ichi2/anki/AnkiDroidJsAPI.kt; src/main/java/com/ichi2/anki/CardBrowser.kt; src/test/java/com/ichi2/anki/browser/search/SearchFiltersTest.kt; src/test/java/com/ichi2/anki/browser/search/SearchRequestTest.kt; src/test/java/com/ichi2/anki/browser/search/SearchStringTest.kt; src/test/java/com/ichi2/anki/browser/CardBrowserViewModelTest.kt; src/test/java/com/ichi2/anki/CardBrowserTest.kt,3,src/main/java/com/ichi2/anki/browser/CardBrowserFragmentViewModel.kt; src/main/java/com/ichi2/anki/browser/CardBrowserFragment.kt; src/main/java/com/ichi2/anki/browser/CardBrowserViewModel.kt,3,0,1,1,0.23
Activity Diary,#132,21,36,1,src/main/java/de/rampro/activitydiary/ui/main/MainActivity.java,2,src/main/java/de/rampro/activitydiary/ui/main/SelectRecyclerViewAdapter.java; src/main/java/de/rampro/activitydiary/ui/main/MainActivity.java,2,0,1,1,1.52
Activity Diary,#155,22,37,1,src/main/java/de/rampro/activitydiary/ui/main/MainActivity.java,2,src/main/java/de/rampro/activitydiary/ui/main/MainActivity.java; src/main/java/de/rampro/activitydiary/ui/generic/ManageActivity.java,1,1,1,1,0.76
Aard2,#140,23,28,1,src/itkach/aard2/BlobDescriptorList.java,4,src/itkach/aard2/BlobDescriptorListAdapter.java; src/itkach/aard2/BlobDescriptorList.java; src/itkach/aard2/BaseDescriptorList.java; src/itkach/aard2/BlobDescriptorListFragment.java,2,0,1,1,6.25
Tasks,#3426,26,633,1,app/src/main/java/com/todoroo/astrid/activity/TaskListFragment.kt,3,app/src/main/java/com/todoroo/astrid/activity/MainActivity.kt; app/src/main/java/com/todoroo/astrid/activity/TaskListFragment.kt; app/src/main/java/org/tasks/ui/TaskListViewModel.kt,2,0,1,1,0.06
