serial_num,bug_id,ranking,hit@1,hit@5,hit@10,exam_score
1,markor1652,net/gsantner/opoc/android/dummy/TextWatcherDummy.java;net/gsantner/opoc/ui/SearchOrCustomTextDialog.java;net/gsantner/markor/App.java;net/gsantner/markor/BuildConfig.java;net/gsantner/markor/JacocoCoverageReceiver.java;net/gsantner/markor/JacocoHelper.java;net/gsantner/markor/activity/DocumentEditFragment.java;net/gsantner/markor/activity/DocumentEditFragment_ViewBinding.java;net/gsantner/markor/activity/IntroActivity.java;net/gsantner/markor/activity/MainActivity.java;net/gsantner/markor/activity/MainActivity_ViewBinding.java;net/gsantner/markor/activity/MarkorBaseActivity.java;net/gsantner/markor/activity/MoreFragment.java;net/gsantner/markor/activity/MoreInfoFragment.java;net/gsantner/markor/format/AutoFormatter.java;net/gsantner/markor/format/ListHandler.java;net/gsantner/markor/format/TextConverter.java;net/gsantner/markor/format/TextFormat.java;net/gsantner/markor/format/keyvalue/KeyValueConverter.java;net/gsantner/markor/format/markdown/MarkdownAutoFormat.java;net/gsantner/markor/format/markdown/MarkdownHighlighter.java;net/gsantner/markor/format/markdown/MarkdownHighlighterPattern.java;net/gsantner/markor/format/markdown/MarkdownReplacePatternGenerator.java;net/gsantner/markor/format/markdown/MarkdownTextActions.java;net/gsantner/markor/format/markdown/MarkdownTextConverter.java;net/gsantner/markor/format/plaintext/PlaintextConverter.java;net/gsantner/markor/format/plaintext/PlaintextHighlighter.java;net/gsantner/markor/format/todotxt/TodoTxtAutoFormat.java;net/gsantner/markor/format/todotxt/TodoTxtHighlighter.java;net/gsantner/markor/format/todotxt/TodoTxtTask.java;net/gsantner/markor/format/todotxt/TodoTxtTextActions.java;net/gsantner/markor/format/todotxt/TodoTxtTextConverter.java;net/gsantner/markor/format/zimwiki/ZimWikiTextConverter.java;net/gsantner/markor/model/Document.java;net/gsantner/markor/ui/DraggableScrollbarScrollView.java;net/gsantner/markor/ui/DraggableScrollbarWebView.java;net/gsantner/markor/ui/FilesystemViewerCreator.java;net/gsantner/markor/ui/NewFileDialog.java;net/gsantner/markor/ui/SearchOrCustomTextDialogCreator.java;net/gsantner/markor/ui/fsearch/FileSearchDialog.java;net/gsantner/markor/ui/fsearch/SearchEngine.java;net/gsantner/markor/ui/hleditor/Highlighter.java;net/gsantner/markor/ui/hleditor/HighlightingEditor.java;net/gsantner/markor/ui/hleditor/TextActions.java;net/gsantner/markor/util/ActivityUtils.java;net/gsantner/markor/util/AppSettings.java;net/gsantner/markor/util/ContextUtils.java;net/gsantner/markor/util/MarkorWebViewClient.java;net/gsantner/markor/util/PermissionChecker.java;net/gsantner/markor/util/ShareUtil.java;net/gsantner/markor/util/ShortcutUtils.java;net/gsantner/opoc/activity/GsActivityBase.java;net/gsantner/opoc/activity/GsFragmentBase.java;net/gsantner/opoc/android/dummy/MenuItemDummy.java;net/gsantner/opoc/format/markdown/SimpleMarkdownParser.java;net/gsantner/opoc/preference/FontPreferenceCompat.java;net/gsantner/opoc/preference/GsPreferenceFragmentCompat.java;net/gsantner/opoc/preference/SharedPreferencesPropertyBackend.java;net/gsantner/opoc/ui/AndroidSpinnerOnItemSelectedAdapter.java;net/gsantner/opoc/ui/FilesystemViewerAdapter$FilesystemViewerViewHolder_ViewBinding.java;net/gsantner/opoc/ui/FilesystemViewerAdapter.java;net/gsantner/opoc/ui/FilesystemViewerData.java;net/gsantner/opoc/ui/FilesystemViewerFragment.java;net/gsantner/opoc/ui/FilesystemViewerFragment_ViewBinding.java;net/gsantner/opoc/util/ActivityUtils.java;net/gsantner/opoc/util/ContextUtils.java;net/gsantner/opoc/util/FileUtils.java;net/gsantner/opoc/util/FileWithCachedData.java;net/gsantner/opoc/util/NanoProfiler.java;net/gsantner/opoc/util/PermissionChecker.java;net/gsantner/opoc/util/ShareUtil.java;net/gsantner/opoc/util/StringUtils.java;net/gsantner/opoc/util/TextViewUndoRedo.java;other/com/vladsch/flexmark/ext/katex/FlexmarkKatexExtension.java;other/de/stanetz/jpencconverter/PasswordStore.java,0.0,0.0,0.0,39.13
2,markor1668,net/gsantner/markor/activity/DocumentActivity.java;net/gsantner/markor/activity/DocumentActivity_ViewBinding.java;net/gsantner/markor/activity/SettingsActivity.java;net/gsantner/markor/activity/SettingsActivity_ViewBinding.java;net/gsantner/markor/ui/NewFileDialog.java;net/gsantner/opoc/preference/LanguagePreferenceCompat.java;net/gsantner/opoc/ui/AndroidSpinnerOnItemSelectedAdapter.java;other/com/flask/colorpicker/ColorPickerPreference.java;other/de/stanetz/jpencconverter/PasswordStore.java;net/gsantner/markor/App.java;net/gsantner/markor/BuildConfig.java;net/gsantner/markor/JacocoCoverageReceiver.java;net/gsantner/markor/JacocoHelper.java;net/gsantner/markor/activity/DocumentEditFragment.java;net/gsantner/markor/activity/DocumentEditFragment_ViewBinding.java;net/gsantner/markor/activity/IntroActivity.java;net/gsantner/markor/activity/MainActivity.java;net/gsantner/markor/activity/MainActivity_ViewBinding.java;net/gsantner/markor/activity/MarkorBaseActivity.java;net/gsantner/markor/activity/MoreFragment.java;net/gsantner/markor/activity/MoreInfoFragment.java;net/gsantner/markor/format/AutoFormatter.java;net/gsantner/markor/format/ListHandler.java;net/gsantner/markor/format/TextConverter.java;net/gsantner/markor/format/TextFormat.java;net/gsantner/markor/format/keyvalue/KeyValueConverter.java;net/gsantner/markor/format/markdown/MarkdownAutoFormat.java;net/gsantner/markor/format/markdown/MarkdownHighlighter.java;net/gsantner/markor/format/markdown/MarkdownHighlighterPattern.java;net/gsantner/markor/format/markdown/MarkdownReplacePatternGenerator.java;net/gsantner/markor/format/markdown/MarkdownTextActions.java;net/gsantner/markor/format/markdown/MarkdownTextConverter.java;net/gsantner/markor/format/plaintext/PlaintextConverter.java;net/gsantner/markor/format/plaintext/PlaintextHighlighter.java;net/gsantner/markor/format/todotxt/TodoTxtAutoFormat.java;net/gsantner/markor/format/todotxt/TodoTxtHighlighter.java;net/gsantner/markor/format/todotxt/TodoTxtTask.java;net/gsantner/markor/format/todotxt/TodoTxtTextActions.java;net/gsantner/markor/format/todotxt/TodoTxtTextConverter.java;net/gsantner/markor/format/zimwiki/ZimWikiTextConverter.java;net/gsantner/markor/model/Document.java;net/gsantner/markor/ui/DraggableScrollbarScrollView.java;net/gsantner/markor/ui/DraggableScrollbarWebView.java;net/gsantner/markor/ui/FilesystemViewerCreator.java;net/gsantner/markor/ui/fsearch/SearchEngine.java;net/gsantner/markor/ui/hleditor/Highlighter.java;net/gsantner/markor/ui/hleditor/HighlightingEditor.java;net/gsantner/markor/ui/hleditor/TextActions.java;net/gsantner/markor/util/ActivityUtils.java;net/gsantner/markor/util/AppSettings.java;net/gsantner/markor/util/ContextUtils.java;net/gsantner/markor/util/MarkorWebViewClient.java;net/gsantner/markor/util/PermissionChecker.java;net/gsantner/markor/util/ShareUtil.java;net/gsantner/markor/util/ShortcutUtils.java;net/gsantner/opoc/activity/GsActivityBase.java;net/gsantner/opoc/activity/GsFragmentBase.java;net/gsantner/opoc/android/dummy/MenuItemDummy.java;net/gsantner/opoc/format/markdown/SimpleMarkdownParser.java;net/gsantner/opoc/preference/FontPreferenceCompat.java;net/gsantner/opoc/preference/GsPreferenceFragmentCompat.java;net/gsantner/opoc/preference/SharedPreferencesPropertyBackend.java;net/gsantner/opoc/ui/FilesystemViewerAdapter$FilesystemViewerViewHolder_ViewBinding.java;net/gsantner/opoc/ui/FilesystemViewerAdapter.java;net/gsantner/opoc/ui/FilesystemViewerData.java;net/gsantner/opoc/ui/FilesystemViewerFragment.java;net/gsantner/opoc/ui/FilesystemViewerFragment_ViewBinding.java;net/gsantner/opoc/util/ActivityUtils.java;net/gsantner/opoc/util/ContextUtils.java;net/gsantner/opoc/util/FileUtils.java;net/gsantner/opoc/util/FileWithCachedData.java;net/gsantner/opoc/util/NanoProfiler.java;net/gsantner/opoc/util/PermissionChecker.java;net/gsantner/opoc/util/ShareUtil.java;net/gsantner/opoc/util/StringUtils.java;net/gsantner/opoc/util/TextViewUndoRedo.java;other/com/vladsch/flexmark/ext/katex/FlexmarkKatexExtension.java;other/writeily/ui/WrRenameDialog.java,0.0,0.0,0.0,42.86
3,markor1695,net/gsantner/markor/activity/DocumentActivity.java;net/gsantner/markor/activity/DocumentActivity_ViewBinding.java;net/gsantner/markor/format/markdown/MarkdownHighlighterPattern.java;net/gsantner/markor/ui/NewFileDialog.java;net/gsantner/opoc/ui/AndroidSpinnerOnItemSelectedAdapter.java;other/de/stanetz/jpencconverter/PasswordStore.java;net/gsantner/markor/App.java;net/gsantner/markor/BuildConfig.java;net/gsantner/markor/JacocoCoverageReceiver.java;net/gsantner/markor/JacocoHelper.java;net/gsantner/markor/activity/DocumentEditFragment.java;net/gsantner/markor/activity/DocumentEditFragment_ViewBinding.java;net/gsantner/markor/activity/IntroActivity.java;net/gsantner/markor/activity/MainActivity.java;net/gsantner/markor/activity/MainActivity_ViewBinding.java;net/gsantner/markor/activity/MarkorBaseActivity.java;net/gsantner/markor/activity/MoreFragment.java;net/gsantner/markor/activity/MoreInfoFragment.java;net/gsantner/markor/format/AutoFormatter.java;net/gsantner/markor/format/ListHandler.java;net/gsantner/markor/format/TextConverter.java;net/gsantner/markor/format/TextFormat.java;net/gsantner/markor/format/keyvalue/KeyValueConverter.java;net/gsantner/markor/format/markdown/MarkdownAutoFormat.java;net/gsantner/markor/format/markdown/MarkdownHighlighter.java;net/gsantner/markor/format/markdown/MarkdownReplacePatternGenerator.java;net/gsantner/markor/format/markdown/MarkdownTextActions.java;net/gsantner/markor/format/markdown/MarkdownTextConverter.java;net/gsantner/markor/format/plaintext/PlaintextConverter.java;net/gsantner/markor/format/plaintext/PlaintextHighlighter.java;net/gsantner/markor/format/todotxt/TodoTxtAutoFormat.java;net/gsantner/markor/format/todotxt/TodoTxtHighlighter.java;net/gsantner/markor/format/todotxt/TodoTxtTask.java;net/gsantner/markor/format/todotxt/TodoTxtTextActions.java;net/gsantner/markor/format/todotxt/TodoTxtTextConverter.java;net/gsantner/markor/format/zimwiki/ZimWikiTextConverter.java;net/gsantner/markor/model/Document.java;net/gsantner/markor/ui/DraggableScrollbarScrollView.java;net/gsantner/markor/ui/DraggableScrollbarWebView.java;net/gsantner/markor/ui/FilesystemViewerCreator.java;net/gsantner/markor/ui/fsearch/SearchEngine.java;net/gsantner/markor/ui/hleditor/Highlighter.java;net/gsantner/markor/ui/hleditor/HighlightingEditor.java;net/gsantner/markor/ui/hleditor/TextActions.java;net/gsantner/markor/util/ActivityUtils.java;net/gsantner/markor/util/AppSettings.java;net/gsantner/markor/util/ContextUtils.java;net/gsantner/markor/util/MarkorWebViewClient.java;net/gsantner/markor/util/PermissionChecker.java;net/gsantner/markor/util/ShareUtil.java;net/gsantner/markor/util/ShortcutUtils.java;net/gsantner/opoc/activity/GsActivityBase.java;net/gsantner/opoc/activity/GsFragmentBase.java;net/gsantner/opoc/android/dummy/MenuItemDummy.java;net/gsantner/opoc/format/markdown/SimpleMarkdownParser.java;net/gsantner/opoc/preference/FontPreferenceCompat.java;net/gsantner/opoc/preference/GsPreferenceFragmentCompat.java;net/gsantner/opoc/preference/SharedPreferencesPropertyBackend.java;net/gsantner/opoc/ui/FilesystemViewerAdapter$FilesystemViewerViewHolder_ViewBinding.java;net/gsantner/opoc/ui/FilesystemViewerAdapter.java;net/gsantner/opoc/ui/FilesystemViewerData.java;net/gsantner/opoc/ui/FilesystemViewerFragment.java;net/gsantner/opoc/ui/FilesystemViewerFragment_ViewBinding.java;net/gsantner/opoc/util/ActivityUtils.java;net/gsantner/opoc/util/ContextUtils.java;net/gsantner/opoc/util/FileUtils.java;net/gsantner/opoc/util/FileWithCachedData.java;net/gsantner/opoc/util/NanoProfiler.java;net/gsantner/opoc/util/PermissionChecker.java;net/gsantner/opoc/util/ShareUtil.java;net/gsantner/opoc/util/StringUtils.java;net/gsantner/opoc/util/TextViewUndoRedo.java;other/com/vladsch/flexmark/ext/katex/FlexmarkKatexExtension.java;other/writeily/ui/WrRenameDialog.java,0.0,0.0,0.0,40.74
4,markor2153,net/gsantner/markor/App.java;net/gsantner/markor/BuildConfig.java;net/gsantner/markor/JacocoCoverageReceiver.java;net/gsantner/markor/JacocoHelper.java;net/gsantner/markor/activity/DocumentActivity.java;net/gsantner/markor/activity/DocumentActivity_ViewBinding.java;net/gsantner/markor/activity/DocumentEditFragment.java;net/gsantner/markor/activity/DocumentEditFragment_ViewBinding.java;net/gsantner/markor/activity/IntroActivity.java;net/gsantner/markor/activity/MainActivity.java;net/gsantner/markor/activity/MainActivity_ViewBinding.java;net/gsantner/markor/activity/MarkorBaseActivity.java;net/gsantner/markor/activity/MoreFragment.java;net/gsantner/markor/activity/MoreInfoFragment.java;net/gsantner/markor/format/AutoFormatter.java;net/gsantner/markor/format/ListHandler.java;net/gsantner/markor/format/TextConverter.java;net/gsantner/markor/format/TextFormat.java;net/gsantner/markor/format/keyvalue/KeyValueConverter.java;net/gsantner/markor/format/markdown/MarkdownAutoFormat.java;net/gsantner/markor/format/markdown/MarkdownHighlighter.java;net/gsantner/markor/format/markdown/MarkdownHighlighterPattern.java;net/gsantner/markor/format/markdown/MarkdownReplacePatternGenerator.java;net/gsantner/markor/format/markdown/MarkdownTextActions.java;net/gsantner/markor/format/markdown/MarkdownTextConverter.java;net/gsantner/markor/format/plaintext/PlaintextConverter.java;net/gsantner/markor/format/plaintext/PlaintextHighlighter.java;net/gsantner/markor/format/todotxt/TodoTxtAutoFormat.java;net/gsantner/markor/format/todotxt/TodoTxtHighlighter.java;net/gsantner/markor/format/todotxt/TodoTxtTask.java;net/gsantner/markor/format/todotxt/TodoTxtTextActions.java;net/gsantner/markor/format/todotxt/TodoTxtTextConverter.java;net/gsantner/markor/format/zimwiki/ZimWikiTextConverter.java;net/gsantner/markor/model/Document.java;net/gsantner/markor/ui/DraggableScrollbarScrollView.java;net/gsantner/markor/ui/DraggableScrollbarWebView.java;net/gsantner/markor/ui/FilesystemViewerCreator.java;net/gsantner/markor/ui/fsearch/SearchEngine.java;net/gsantner/markor/ui/hleditor/Highlighter.java;net/gsantner/markor/ui/hleditor/HighlightingEditor.java;net/gsantner/markor/ui/hleditor/TextActions.java;net/gsantner/markor/util/ActivityUtils.java;net/gsantner/markor/util/AppSettings.java;net/gsantner/markor/util/ContextUtils.java;net/gsantner/markor/util/MarkorWebViewClient.java;net/gsantner/markor/util/PermissionChecker.java;net/gsantner/markor/util/ShareUtil.java;net/gsantner/markor/util/ShortcutUtils.java;net/gsantner/opoc/activity/GsActivityBase.java;net/gsantner/opoc/activity/GsFragmentBase.java;net/gsantner/opoc/android/dummy/MenuItemDummy.java;net/gsantner/opoc/format/markdown/SimpleMarkdownParser.java;net/gsantner/opoc/preference/FontPreferenceCompat.java;net/gsantner/opoc/preference/GsPreferenceFragmentCompat.java;net/gsantner/opoc/preference/SharedPreferencesPropertyBackend.java;net/gsantner/opoc/ui/FilesystemViewerAdapter$FilesystemViewerViewHolder_ViewBinding.java;net/gsantner/opoc/ui/FilesystemViewerAdapter.java;net/gsantner/opoc/ui/FilesystemViewerData.java;net/gsantner/opoc/ui/FilesystemViewerFragment.java;net/gsantner/opoc/ui/FilesystemViewerFragment_ViewBinding.java;net/gsantner/opoc/util/ActivityUtils.java;net/gsantner/opoc/util/ContextUtils.java;net/gsantner/opoc/util/FileUtils.java;net/gsantner/opoc/util/FileWithCachedData.java;net/gsantner/opoc/util/NanoProfiler.java;net/gsantner/opoc/util/PermissionChecker.java;net/gsantner/opoc/util/ShareUtil.java;net/gsantner/opoc/util/StringUtils.java;net/gsantner/opoc/util/TextViewUndoRedo.java;other/com/vladsch/flexmark/ext/katex/FlexmarkKatexExtension.java,0.0,0.0,1.0,5.99
5,markor2199,net/gsantner/markor/activity/DocumentActivity.java;net/gsantner/markor/util/ShortcutUtils.java;net/gsantner/markor/ApplicationObject.java;net/gsantner/markor/BuildConfig.java;net/gsantner/markor/CoverageReceiver.java;net/gsantner/markor/activity/DocumentEditAndViewFragment.java;net/gsantner/markor/activity/IntroActivity.java;net/gsantner/markor/activity/MainActivity.java;net/gsantner/markor/activity/MarkorBaseActivity.java;net/gsantner/markor/activity/MarkorBaseFragment.java;net/gsantner/markor/activity/MoreFragment.java;net/gsantner/markor/activity/MoreInfoFragment.java;net/gsantner/markor/activity/StoragePermissionActivity.java;net/gsantner/markor/format/ActionButtonBase.java;net/gsantner/markor/format/FormatRegistry.java;net/gsantner/markor/format/TextConverterBase.java;net/gsantner/markor/format/asciidoc/AsciidocTextConverter.java;net/gsantner/markor/format/binary/EmbedBinaryTextConverter.java;net/gsantner/markor/format/csv/CsvTextConverter.java;net/gsantner/markor/format/general/ColorUnderlineSpan.java;net/gsantner/markor/format/keyvalue/KeyValueTextConverter.java;net/gsantner/markor/format/markdown/MarkdownActionButtons.java;net/gsantner/markor/format/markdown/MarkdownReplacePatternGenerator.java;net/gsantner/markor/format/markdown/MarkdownSyntaxHighlighter.java;net/gsantner/markor/format/markdown/MarkdownTextConverter.java;net/gsantner/markor/format/orgmode/OrgmodeTextConverter.java;net/gsantner/markor/format/plaintext/PlaintextTextConverter.java;net/gsantner/markor/format/todotxt/TodoTxtActionButtons.java;net/gsantner/markor/format/todotxt/TodoTxtAutoTextFormatter.java;net/gsantner/markor/format/todotxt/TodoTxtBasicSyntaxHighlighter.java;net/gsantner/markor/format/todotxt/TodoTxtSyntaxHighlighter.java;net/gsantner/markor/format/todotxt/TodoTxtTask.java;net/gsantner/markor/format/todotxt/TodoTxtTextConverter.java;net/gsantner/markor/format/wikitext/WikitextTextConverter.java;net/gsantner/markor/frontend/DraggableScrollbarScrollView.java;net/gsantner/markor/frontend/MarkorDialogFactory.java;net/gsantner/markor/frontend/NewFileDialog.java;net/gsantner/markor/frontend/filebrowser/MarkorFileBrowserFactory.java;net/gsantner/markor/frontend/filesearch/FileSearchEngine.java;net/gsantner/markor/frontend/textview/AutoTextFormatter.java;net/gsantner/markor/frontend/textview/HighlightingEditor.java;net/gsantner/markor/frontend/textview/ListHandler.java;net/gsantner/markor/frontend/textview/SyntaxHighlighterBase.java;net/gsantner/markor/frontend/textview/TextViewUtils.java;net/gsantner/markor/model/AppSettings.java;net/gsantner/markor/model/Document.java;net/gsantner/markor/util/MarkorContextUtils.java;net/gsantner/markor/web/DraggableScrollbarWebView.java;net/gsantner/markor/web/MarkorWebViewClient.java;net/gsantner/opoc/format/GsSimpleMarkdownParser.java;net/gsantner/opoc/frontend/base/GsActivityBase.java;net/gsantner/opoc/frontend/base/GsFragmentBase.java;net/gsantner/opoc/frontend/base/GsPreferenceFragmentBase.java;net/gsantner/opoc/frontend/filebrowser/GsFileBrowserFragment.java;net/gsantner/opoc/frontend/filebrowser/GsFileBrowserListAdapter.java;net/gsantner/opoc/frontend/filebrowser/GsFileBrowserOptions.java;net/gsantner/opoc/frontend/settings/GsFontPreferenceCompat.java;net/gsantner/opoc/frontend/textview/TextViewUndoRedo.java;net/gsantner/opoc/model/GsSharedPreferencesPropertyBackend.java;net/gsantner/opoc/util/GsCollectionUtils.java;net/gsantner/opoc/util/GsContextUtils.java;net/gsantner/opoc/util/GsFileUtils.java;net/gsantner/opoc/web/GsWebViewChromeClient.java;net/gsantner/opoc/web/GsWebViewClient.java;net/gsantner/opoc/wrapper/GsAndroidSpinnerOnItemSelectedAdapter.java;net/gsantner/opoc/wrapper/GsMenuItemDummy.java;net/gsantner/opoc/wrapper/GsTextWatcherAdapter.java;other/com/vladsch/flexmark/ext/katex/FlexmarkKatexExtension.java;other/de/stanetz/jpencconverter/PasswordStore.java;other/writeily/widget/WrMarkorWidgetProvider.java,0.0,0.0,1.0,4.79
6,markor2250,net/gsantner/markor/activity/DocumentActivity.java;net/gsantner/markor/frontend/filesearch/FileSearchResultSelectorDialog.java;net/gsantner/markor/util/ShortcutUtils.java;net/gsantner/markor/ApplicationObject.java;net/gsantner/markor/BuildConfig.java;net/gsantner/markor/CoverageReceiver.java;net/gsantner/markor/activity/DocumentEditAndViewFragment.java;net/gsantner/markor/activity/IntroActivity.java;net/gsantner/markor/activity/MainActivity.java;net/gsantner/markor/activity/MarkorBaseActivity.java;net/gsantner/markor/activity/MarkorBaseFragment.java;net/gsantner/markor/activity/MoreFragment.java;net/gsantner/markor/activity/MoreInfoFragment.java;net/gsantner/markor/activity/StoragePermissionActivity.java;net/gsantner/markor/format/ActionButtonBase.java;net/gsantner/markor/format/FormatRegistry.java;net/gsantner/markor/format/TextConverterBase.java;net/gsantner/markor/format/asciidoc/AsciidocTextConverter.java;net/gsantner/markor/format/binary/EmbedBinaryTextConverter.java;net/gsantner/markor/format/csv/CsvTextConverter.java;net/gsantner/markor/format/general/ColorUnderlineSpan.java;net/gsantner/markor/format/keyvalue/KeyValueTextConverter.java;net/gsantner/markor/format/markdown/MarkdownActionButtons.java;net/gsantner/markor/format/markdown/MarkdownReplacePatternGenerator.java;net/gsantner/markor/format/markdown/MarkdownSyntaxHighlighter.java;net/gsantner/markor/format/markdown/MarkdownTextConverter.java;net/gsantner/markor/format/orgmode/OrgmodeTextConverter.java;net/gsantner/markor/format/plaintext/PlaintextTextConverter.java;net/gsantner/markor/format/todotxt/TodoTxtActionButtons.java;net/gsantner/markor/format/todotxt/TodoTxtAutoTextFormatter.java;net/gsantner/markor/format/todotxt/TodoTxtBasicSyntaxHighlighter.java;net/gsantner/markor/format/todotxt/TodoTxtSyntaxHighlighter.java;net/gsantner/markor/format/todotxt/TodoTxtTask.java;net/gsantner/markor/format/todotxt/TodoTxtTextConverter.java;net/gsantner/markor/format/wikitext/WikitextTextConverter.java;net/gsantner/markor/frontend/DraggableScrollbarScrollView.java;net/gsantner/markor/frontend/MarkorDialogFactory.java;net/gsantner/markor/frontend/NewFileDialog.java;net/gsantner/markor/frontend/filebrowser/MarkorFileBrowserFactory.java;net/gsantner/markor/frontend/filesearch/FileSearchDialog.java;net/gsantner/markor/frontend/filesearch/FileSearchEngine.java;net/gsantner/markor/frontend/textview/AutoTextFormatter.java;net/gsantner/markor/frontend/textview/HighlightingEditor.java;net/gsantner/markor/frontend/textview/ListHandler.java;net/gsantner/markor/frontend/textview/SyntaxHighlighterBase.java;net/gsantner/markor/frontend/textview/TextViewUtils.java;net/gsantner/markor/model/AppSettings.java;net/gsantner/markor/model/Document.java;net/gsantner/markor/util/MarkorContextUtils.java;net/gsantner/markor/web/DraggableScrollbarWebView.java;net/gsantner/markor/web/MarkorWebViewClient.java;net/gsantner/opoc/format/GsSimpleMarkdownParser.java;net/gsantner/opoc/frontend/base/GsActivityBase.java;net/gsantner/opoc/frontend/base/GsFragmentBase.java;net/gsantner/opoc/frontend/base/GsPreferenceFragmentBase.java;net/gsantner/opoc/frontend/filebrowser/GsFileBrowserFragment.java;net/gsantner/opoc/frontend/filebrowser/GsFileBrowserListAdapter.java;net/gsantner/opoc/frontend/filebrowser/GsFileBrowserOptions.java;net/gsantner/opoc/frontend/settings/GsFontPreferenceCompat.java;net/gsantner/opoc/frontend/textview/TextViewUndoRedo.java;net/gsantner/opoc/model/GsSharedPreferencesPropertyBackend.java;net/gsantner/opoc/util/GsCollectionUtils.java;net/gsantner/opoc/util/GsContextUtils.java;net/gsantner/opoc/util/GsFileUtils.java;net/gsantner/opoc/web/GsWebViewChromeClient.java;net/gsantner/opoc/web/GsWebViewClient.java;net/gsantner/opoc/wrapper/GsAndroidSpinnerOnItemSelectedAdapter.java;net/gsantner/opoc/wrapper/GsMenuItemDummy.java;net/gsantner/opoc/wrapper/GsTextWatcherAdapter.java;other/com/vladsch/flexmark/ext/katex/FlexmarkKatexExtension.java;other/de/stanetz/jpencconverter/PasswordStore.java;other/writeily/widget/WrMarkorWidgetProvider.java,0.0,0.0,1.0,5.39
7,amaze3991,com/amaze/filemanager/filesystem/Operations.java;com/amaze/filemanager/ui/ItemPopupMenu.java;com/amaze/filemanager/ui/views/WarnableTextInputLayout.java;com/amaze/filemanager/ui/views/WarnableTextInputValidator.java;com/amaze/filemanager/AmazeFileManagerModule.java;com/amaze/filemanager/BuildConfig.java;com/amaze/filemanager/CoverageReceiver.java;com/amaze/filemanager/adapters/RecyclerAdapter.java;com/amaze/filemanager/adapters/data/IconDataParcelable.java;com/amaze/filemanager/adapters/data/LayoutElementParcelable.java;com/amaze/filemanager/adapters/glide/AppsAdapterPreloadModel.java;com/amaze/filemanager/adapters/glide/RecyclerPreloadModelProvider.java;com/amaze/filemanager/adapters/glide/RecyclerPreloadSizeProvider.java;com/amaze/filemanager/adapters/glide/apkimage/ApkImageModelLoaderFactory.java;com/amaze/filemanager/adapters/glide/cloudicon/CloudIconModelFactory.java;com/amaze/filemanager/application/AppConfig.java;com/amaze/filemanager/application/GlideApplication.java;com/amaze/filemanager/asynchronous/SaveOnDataUtilsChange.java;com/amaze/filemanager/asynchronous/asynctasks/LoadFilesListTask.java;com/amaze/filemanager/asynchronous/asynctasks/texteditor/read/ReadTextFileCallable.java;com/amaze/filemanager/database/CloudHandler.java;com/amaze/filemanager/database/ExplorerDatabase_Impl.java;com/amaze/filemanager/database/SortHandler.java;com/amaze/filemanager/database/TabHandler.java;com/amaze/filemanager/database/UtilitiesDatabase_Impl.java;com/amaze/filemanager/database/daos/BookmarkEntryDao_Impl.java;com/amaze/filemanager/database/daos/CloudEntryDao_Impl.java;com/amaze/filemanager/database/daos/EncryptedEntryDao_Impl.java;com/amaze/filemanager/database/daos/GridEntryDao_Impl.java;com/amaze/filemanager/database/daos/HiddenEntryDao_Impl.java;com/amaze/filemanager/database/daos/HistoryEntryDao_Impl.java;com/amaze/filemanager/database/daos/ListEntryDao_Impl.java;com/amaze/filemanager/database/daos/SftpEntryDao_Impl.java;com/amaze/filemanager/database/daos/SmbEntryDao_Impl.java;com/amaze/filemanager/database/daos/SortDao_Impl.java;com/amaze/filemanager/database/daos/TabDao_Impl.java;com/amaze/filemanager/database/models/OperationData.java;com/amaze/filemanager/database/models/explorer/Tab.java;com/amaze/filemanager/database/models/utilities/Bookmark.java;com/amaze/filemanager/database/models/utilities/History.java;com/amaze/filemanager/database/models/utilities/OperationData.java;com/amaze/filemanager/database/models/utilities/OperationDataWithName.java;com/amaze/filemanager/databinding/FragmentOpenFileDialogBinding.java;com/amaze/filemanager/filesystem/CustomFileObserver.java;com/amaze/filemanager/filesystem/EditableFileAbstraction.java;com/amaze/filemanager/filesystem/HybridFile.java;com/amaze/filemanager/filesystem/HybridFileParcelable.java;com/amaze/filemanager/filesystem/RootHelper.java;com/amaze/filemanager/filesystem/compressed/CompressedHelper.java;com/amaze/filemanager/filesystem/files/FileUtils.java;com/amaze/filemanager/ui/activities/MainActivity.java;com/amaze/filemanager/ui/activities/superclasses/BasicActivity.java;com/amaze/filemanager/ui/activities/superclasses/PermissionsActivity.java;com/amaze/filemanager/ui/activities/superclasses/PreferenceActivity.java;com/amaze/filemanager/ui/activities/superclasses/ThemedActivity.java;com/amaze/filemanager/ui/activities/texteditor/TextEditorActivity.java;com/amaze/filemanager/ui/colors/ColorPreference.java;com/amaze/filemanager/ui/colors/ColorPreferenceHelper.java;com/amaze/filemanager/ui/colors/ColorUtils.java;com/amaze/filemanager/ui/dialogs/GeneralDialogCreation.java;com/amaze/filemanager/ui/fragments/CloudSheetFragment.java;com/amaze/filemanager/ui/fragments/MainFragment.java;com/amaze/filemanager/ui/fragments/TabFragment.java;com/amaze/filemanager/ui/icons/Icons.java;com/amaze/filemanager/ui/icons/MimeTypes.java;com/amaze/filemanager/ui/provider/UtilitiesProvider.java;com/amaze/filemanager/ui/theme/AppTheme.java;com/amaze/filemanager/ui/theme/AppThemeManager.java;com/amaze/filemanager/ui/views/CircleGradientDrawable.java;com/amaze/filemanager/ui/views/CustomZoomFocusChange.java;com/amaze/filemanager/ui/views/DividerItemDecoration.java;com/amaze/filemanager/ui/views/FastScroller.java;com/amaze/filemanager/ui/views/Indicator.java;com/amaze/filemanager/ui/views/ThemedTextView.java;com/amaze/filemanager/ui/views/appbar/AppBar.java;com/amaze/filemanager/ui/views/appbar/BottomBar.java;com/amaze/filemanager/ui/views/appbar/SearchView.java;com/amaze/filemanager/ui/views/drawer/ActionViewStateManager.java;com/amaze/filemanager/ui/views/drawer/CustomNavigationView.java;com/amaze/filemanager/ui/views/drawer/Drawer.java;com/amaze/filemanager/ui/views/drawer/MenuMetadata.java;com/amaze/filemanager/utils/DataUtils.java;com/amaze/filemanager/utils/MainActivityHelper.java;com/amaze/filemanager/utils/Utils.java;com/amaze/filemanager/asynchronous/asynctasks/texteditor/write/WriteTextFileCallable.java;com/amaze/filemanager/filesystem/FileUtil.java,0.0,0.0,0.0,9.45
8,omni937,it/feio/android/omninotes/SettingsActivity.java;it/feio/android/omninotes/SettingsFragment.java;it/feio/android/omninotes/databinding/ActivitySettingsBinding.java;it/feio/android/omninotes/databinding/NoteLayoutBinding.java;it/feio/android/omninotes/helpers/BackupHelper.java;it/feio/android/omninotes/utils/ResourcesUtils.java;it/feio/android/omninotes/BaseActivity.java;it/feio/android/omninotes/BaseFragment.java;it/feio/android/omninotes/DetailFragment.java;it/feio/android/omninotes/JacocoCoverageReceiver.java;it/feio/android/omninotes/ListFragment.java;it/feio/android/omninotes/MainActivity.java;it/feio/android/omninotes/NavigationDrawerFragment.java;it/feio/android/omninotes/OmniNotes.java;it/feio/android/omninotes/async/CategoryMenuTask.java;it/feio/android/omninotes/async/MainMenuTask.java;it/feio/android/omninotes/async/UpdateWidgetsTask.java;it/feio/android/omninotes/async/bus/DynamicNavigationReadyEvent.java;it/feio/android/omninotes/async/bus/NotesLoadedEvent.java;it/feio/android/omninotes/async/bus/NotesUpdatedEvent.java;it/feio/android/omninotes/async/bus/NotificationsGrantedEvent.java;it/feio/android/omninotes/async/bus/SwitchFragmentEvent.java;it/feio/android/omninotes/async/notes/NoteLoaderTask.java;it/feio/android/omninotes/async/notes/SaveNoteTask.java;it/feio/android/omninotes/databinding/ActivityMainBinding.java;it/feio/android/omninotes/databinding/CroutonHandleBinding.java;it/feio/android/omninotes/databinding/FabBinding.java;it/feio/android/omninotes/databinding/FragmentDetailBinding.java;it/feio/android/omninotes/databinding/FragmentDetailContentBinding.java;it/feio/android/omninotes/databinding/FragmentListBinding.java;it/feio/android/omninotes/databinding/NoteLayoutExpandedBinding.java;it/feio/android/omninotes/databinding/ToolbarBinding.java;it/feio/android/omninotes/databinding/UndobarBinding.java;it/feio/android/omninotes/db/DbHelper.java;it/feio/android/omninotes/db/SqlParser.java;it/feio/android/omninotes/helpers/AppVersionHelper.java;it/feio/android/omninotes/helpers/LanguageHelper.java;it/feio/android/omninotes/helpers/LogDelegate.java;it/feio/android/omninotes/helpers/date/DateHelper.java;it/feio/android/omninotes/helpers/notifications/NotificationChannel.java;it/feio/android/omninotes/helpers/notifications/NotificationChannels.java;it/feio/android/omninotes/helpers/notifications/NotificationsHelper.java;it/feio/android/omninotes/intro/IntroActivity.java;it/feio/android/omninotes/models/NavigationItem.java;it/feio/android/omninotes/models/Note.java;it/feio/android/omninotes/models/ONStyle.java;it/feio/android/omninotes/models/Tag.java;it/feio/android/omninotes/models/UndoBarController.java;it/feio/android/omninotes/models/adapters/AttachmentAdapter.java;it/feio/android/omninotes/models/adapters/CategoryBaseAdapter.java;it/feio/android/omninotes/models/adapters/NavDrawerAdapter.java;it/feio/android/omninotes/models/adapters/NoteAdapter.java;it/feio/android/omninotes/models/holders/NoteViewHolder.java;it/feio/android/omninotes/models/listeners/RecyclerViewItemClickSupport.java;it/feio/android/omninotes/models/misc/DynamicNavigationLookupTable.java;it/feio/android/omninotes/models/views/ExpandableHeightGridView.java;it/feio/android/omninotes/models/views/Fab.java;it/feio/android/omninotes/models/views/InterceptorLinearLayout.java;it/feio/android/omninotes/models/views/NonScrollableListView.java;it/feio/android/omninotes/models/views/RecyclerViewEmptySupport.java;it/feio/android/omninotes/models/views/SquareImageView.java;it/feio/android/omninotes/utils/AnimationsHelper.java;it/feio/android/omninotes/utils/Display.java;it/feio/android/omninotes/utils/GeocodeHelper.java;it/feio/android/omninotes/utils/IntentChecker.java;it/feio/android/omninotes/utils/KeyboardUtils.java;it/feio/android/omninotes/utils/Navigation.java;it/feio/android/omninotes/utils/TagsHelper.java;it/feio/android/omninotes/utils/TextHelper.java;it/feio/android/omninotes/utils/date/DateUtils.java,0.0,0.0,0.0,5.16
9,omni938,it/feio/android/omninotes/BaseActivity.java;it/feio/android/omninotes/BaseFragment.java;it/feio/android/omninotes/CategoryActivity.java;it/feio/android/omninotes/DetailFragment.java;it/feio/android/omninotes/JacocoCoverageReceiver.java;it/feio/android/omninotes/ListFragment.java;it/feio/android/omninotes/MainActivity.java;it/feio/android/omninotes/NavigationDrawerFragment.java;it/feio/android/omninotes/OmniNotes.java;it/feio/android/omninotes/async/CategoryMenuTask.java;it/feio/android/omninotes/async/MainMenuTask.java;it/feio/android/omninotes/async/UpdateWidgetsTask.java;it/feio/android/omninotes/async/bus/DynamicNavigationReadyEvent.java;it/feio/android/omninotes/async/bus/NotesLoadedEvent.java;it/feio/android/omninotes/async/bus/NotesUpdatedEvent.java;it/feio/android/omninotes/async/bus/NotificationsGrantedEvent.java;it/feio/android/omninotes/async/bus/SwitchFragmentEvent.java;it/feio/android/omninotes/async/notes/NoteLoaderTask.java;it/feio/android/omninotes/async/notes/SaveNoteTask.java;it/feio/android/omninotes/databinding/ActivityCategoryBinding.java;it/feio/android/omninotes/databinding/ActivityMainBinding.java;it/feio/android/omninotes/databinding/CroutonHandleBinding.java;it/feio/android/omninotes/databinding/DrawerListItemBinding.java;it/feio/android/omninotes/databinding/FabBinding.java;it/feio/android/omninotes/databinding/FragmentDetailBinding.java;it/feio/android/omninotes/databinding/FragmentDetailContentBinding.java;it/feio/android/omninotes/databinding/FragmentListBinding.java;it/feio/android/omninotes/databinding/NoteLayoutExpandedBinding.java;it/feio/android/omninotes/databinding/ToolbarBinding.java;it/feio/android/omninotes/databinding/UndobarBinding.java;it/feio/android/omninotes/db/DbHelper.java;it/feio/android/omninotes/db/SqlParser.java;it/feio/android/omninotes/exceptions/GenericException.java;it/feio/android/omninotes/helpers/AppVersionHelper.java;it/feio/android/omninotes/helpers/LanguageHelper.java;it/feio/android/omninotes/helpers/LogDelegate.java;it/feio/android/omninotes/helpers/date/DateHelper.java;it/feio/android/omninotes/helpers/notifications/NotificationChannel.java;it/feio/android/omninotes/helpers/notifications/NotificationChannels.java;it/feio/android/omninotes/helpers/notifications/NotificationsHelper.java;it/feio/android/omninotes/intro/IntroActivity.java;it/feio/android/omninotes/models/Category.java;it/feio/android/omninotes/models/NavigationItem.java;it/feio/android/omninotes/models/Note.java;it/feio/android/omninotes/models/ONStyle.java;it/feio/android/omninotes/models/UndoBarController.java;it/feio/android/omninotes/models/adapters/AttachmentAdapter.java;it/feio/android/omninotes/models/adapters/CategoryBaseAdapter.java;it/feio/android/omninotes/models/adapters/CategoryRecyclerViewAdapter.java;it/feio/android/omninotes/models/adapters/NavDrawerAdapter.java;it/feio/android/omninotes/models/adapters/NoteAdapter.java;it/feio/android/omninotes/models/adapters/category/CategoryViewHolder.java;it/feio/android/omninotes/models/holders/NoteViewHolder.java;it/feio/android/omninotes/models/listeners/RecyclerViewItemClickSupport.java;it/feio/android/omninotes/models/misc/DynamicNavigationLookupTable.java;it/feio/android/omninotes/models/views/ExpandableHeightGridView.java;it/feio/android/omninotes/models/views/Fab.java;it/feio/android/omninotes/models/views/InterceptorLinearLayout.java;it/feio/android/omninotes/models/views/NonScrollableListView.java;it/feio/android/omninotes/models/views/RecyclerViewEmptySupport.java;it/feio/android/omninotes/models/views/SquareImageView.java;it/feio/android/omninotes/utils/AnimationsHelper.java;it/feio/android/omninotes/utils/Display.java;it/feio/android/omninotes/utils/GeocodeHelper.java;it/feio/android/omninotes/utils/IntentChecker.java;it/feio/android/omninotes/utils/KeyboardUtils.java;it/feio/android/omninotes/utils/Navigation.java;it/feio/android/omninotes/utils/TextHelper.java;it/feio/android/omninotes/utils/date/DateUtils.java;it/feio/android/omninotes/SettingsActivity.java;it/feio/android/omninotes/SettingsFragment.java;it/feio/android/omninotes/databinding/ActivitySettingsBinding.java;it/feio/android/omninotes/databinding/NoteLayoutBinding.java;it/feio/android/omninotes/helpers/BackupHelper.java;it/feio/android/omninotes/utils/ResourcesUtils.java,0.0,1.0,1.0,1.88
10,omni939,it/feio/android/omninotes/DetailFragment.java;it/feio/android/omninotes/SettingsActivity.java;it/feio/android/omninotes/SettingsFragment.java;it/feio/android/omninotes/async/UpdateWidgetsTask.java;it/feio/android/omninotes/async/bus/NotesUpdatedEvent.java;it/feio/android/omninotes/async/bus/SwitchFragmentEvent.java;it/feio/android/omninotes/async/notes/NoteProcessor.java;it/feio/android/omninotes/async/notes/NoteProcessorArchive.java;it/feio/android/omninotes/async/notes/SaveNoteTask.java;it/feio/android/omninotes/databinding/ActivitySettingsBinding.java;it/feio/android/omninotes/databinding/FragmentDetailBinding.java;it/feio/android/omninotes/databinding/FragmentDetailContentBinding.java;it/feio/android/omninotes/databinding/NoteLayoutBinding.java;it/feio/android/omninotes/databinding/NoteLayoutExpandedBinding.java;it/feio/android/omninotes/helpers/BackupHelper.java;it/feio/android/omninotes/helpers/date/DateHelper.java;it/feio/android/omninotes/models/Note.java;it/feio/android/omninotes/models/ONStyle.java;it/feio/android/omninotes/models/PasswordValidator.java;it/feio/android/omninotes/models/adapters/AttachmentAdapter.java;it/feio/android/omninotes/models/holders/NoteViewHolder.java;it/feio/android/omninotes/models/views/ExpandableHeightGridView.java;it/feio/android/omninotes/models/views/SquareImageView.java;it/feio/android/omninotes/utils/AnimationsHelper.java;it/feio/android/omninotes/utils/GeocodeHelper.java;it/feio/android/omninotes/utils/KeyboardUtils.java;it/feio/android/omninotes/utils/ResourcesUtils.java;it/feio/android/omninotes/utils/TagsHelper.java;it/feio/android/omninotes/utils/TextHelper.java;it/feio/android/omninotes/utils/date/DateUtils.java;it/feio/android/omninotes/BaseActivity.java;it/feio/android/omninotes/BaseFragment.java;it/feio/android/omninotes/JacocoCoverageReceiver.java;it/feio/android/omninotes/ListFragment.java;it/feio/android/omninotes/MainActivity.java;it/feio/android/omninotes/NavigationDrawerFragment.java;it/feio/android/omninotes/OmniNotes.java;it/feio/android/omninotes/async/CategoryMenuTask.java;it/feio/android/omninotes/async/MainMenuTask.java;it/feio/android/omninotes/async/bus/DynamicNavigationReadyEvent.java;it/feio/android/omninotes/async/bus/NotesLoadedEvent.java;it/feio/android/omninotes/async/bus/NotificationsGrantedEvent.java;it/feio/android/omninotes/async/notes/NoteLoaderTask.java;it/feio/android/omninotes/databinding/ActivityMainBinding.java;it/feio/android/omninotes/databinding/CroutonHandleBinding.java;it/feio/android/omninotes/databinding/FabBinding.java;it/feio/android/omninotes/databinding/FragmentListBinding.java;it/feio/android/omninotes/databinding/ToolbarBinding.java;it/feio/android/omninotes/databinding/UndobarBinding.java;it/feio/android/omninotes/db/DbHelper.java;it/feio/android/omninotes/db/SqlParser.java;it/feio/android/omninotes/helpers/AppVersionHelper.java;it/feio/android/omninotes/helpers/LanguageHelper.java;it/feio/android/omninotes/helpers/LogDelegate.java;it/feio/android/omninotes/helpers/notifications/NotificationChannel.java;it/feio/android/omninotes/helpers/notifications/NotificationChannels.java;it/feio/android/omninotes/helpers/notifications/NotificationsHelper.java;it/feio/android/omninotes/intro/IntroActivity.java;it/feio/android/omninotes/models/NavigationItem.java;it/feio/android/omninotes/models/UndoBarController.java;it/feio/android/omninotes/models/adapters/CategoryBaseAdapter.java;it/feio/android/omninotes/models/adapters/NavDrawerAdapter.java;it/feio/android/omninotes/models/adapters/NoteAdapter.java;it/feio/android/omninotes/models/listeners/RecyclerViewItemClickSupport.java;it/feio/android/omninotes/models/misc/DynamicNavigationLookupTable.java;it/feio/android/omninotes/models/views/Fab.java;it/feio/android/omninotes/models/views/InterceptorLinearLayout.java;it/feio/android/omninotes/models/views/NonScrollableListView.java;it/feio/android/omninotes/models/views/RecyclerViewEmptySupport.java;it/feio/android/omninotes/utils/Display.java;it/feio/android/omninotes/utils/IntentChecker.java;it/feio/android/omninotes/utils/Navigation.java,0.0,0.0,0.0,15.96
11,omni942,it/feio/android/omninotes/SettingsActivity.java;it/feio/android/omninotes/SettingsFragment.java;it/feio/android/omninotes/databinding/ActivitySettingsBinding.java;it/feio/android/omninotes/utils/ResourcesUtils.java;it/feio/android/omninotes/BaseActivity.java;it/feio/android/omninotes/BaseFragment.java;it/feio/android/omninotes/DetailFragment.java;it/feio/android/omninotes/JacocoCoverageReceiver.java;it/feio/android/omninotes/ListFragment.java;it/feio/android/omninotes/MainActivity.java;it/feio/android/omninotes/NavigationDrawerFragment.java;it/feio/android/omninotes/OmniNotes.java;it/feio/android/omninotes/async/CategoryMenuTask.java;it/feio/android/omninotes/async/MainMenuTask.java;it/feio/android/omninotes/async/UpdateWidgetsTask.java;it/feio/android/omninotes/async/bus/DynamicNavigationReadyEvent.java;it/feio/android/omninotes/async/bus/NotesLoadedEvent.java;it/feio/android/omninotes/async/bus/NotesUpdatedEvent.java;it/feio/android/omninotes/async/bus/NotificationsGrantedEvent.java;it/feio/android/omninotes/async/bus/SwitchFragmentEvent.java;it/feio/android/omninotes/async/notes/NoteLoaderTask.java;it/feio/android/omninotes/async/notes/SaveNoteTask.java;it/feio/android/omninotes/databinding/ActivityMainBinding.java;it/feio/android/omninotes/databinding/CroutonHandleBinding.java;it/feio/android/omninotes/databinding/FabBinding.java;it/feio/android/omninotes/databinding/FragmentDetailBinding.java;it/feio/android/omninotes/databinding/FragmentDetailContentBinding.java;it/feio/android/omninotes/databinding/FragmentListBinding.java;it/feio/android/omninotes/databinding/NoteLayoutExpandedBinding.java;it/feio/android/omninotes/databinding/ToolbarBinding.java;it/feio/android/omninotes/databinding/UndobarBinding.java;it/feio/android/omninotes/db/DbHelper.java;it/feio/android/omninotes/db/SqlParser.java;it/feio/android/omninotes/helpers/AppVersionHelper.java;it/feio/android/omninotes/helpers/LanguageHelper.java;it/feio/android/omninotes/helpers/LogDelegate.java;it/feio/android/omninotes/helpers/date/DateHelper.java;it/feio/android/omninotes/helpers/notifications/NotificationChannel.java;it/feio/android/omninotes/helpers/notifications/NotificationChannels.java;it/feio/android/omninotes/helpers/notifications/NotificationsHelper.java;it/feio/android/omninotes/intro/IntroActivity.java;it/feio/android/omninotes/models/NavigationItem.java;it/feio/android/omninotes/models/Note.java;it/feio/android/omninotes/models/ONStyle.java;it/feio/android/omninotes/models/Tag.java;it/feio/android/omninotes/models/UndoBarController.java;it/feio/android/omninotes/models/adapters/AttachmentAdapter.java;it/feio/android/omninotes/models/adapters/CategoryBaseAdapter.java;it/feio/android/omninotes/models/adapters/NavDrawerAdapter.java;it/feio/android/omninotes/models/adapters/NoteAdapter.java;it/feio/android/omninotes/models/holders/NoteViewHolder.java;it/feio/android/omninotes/models/listeners/RecyclerViewItemClickSupport.java;it/feio/android/omninotes/models/misc/DynamicNavigationLookupTable.java;it/feio/android/omninotes/models/views/ExpandableHeightGridView.java;it/feio/android/omninotes/models/views/Fab.java;it/feio/android/omninotes/models/views/InterceptorLinearLayout.java;it/feio/android/omninotes/models/views/NonScrollableListView.java;it/feio/android/omninotes/models/views/RecyclerViewEmptySupport.java;it/feio/android/omninotes/models/views/SquareImageView.java;it/feio/android/omninotes/utils/AnimationsHelper.java;it/feio/android/omninotes/utils/Display.java;it/feio/android/omninotes/utils/GeocodeHelper.java;it/feio/android/omninotes/utils/IntentChecker.java;it/feio/android/omninotes/utils/KeyboardUtils.java;it/feio/android/omninotes/utils/Navigation.java;it/feio/android/omninotes/utils/TagsHelper.java;it/feio/android/omninotes/utils/TextHelper.java;it/feio/android/omninotes/utils/date/DateUtils.java,0.0,0.0,0.0,30.99
12,omni945,it/feio/android/omninotes/SettingsActivity.java;it/feio/android/omninotes/SettingsFragment.java;it/feio/android/omninotes/databinding/ActivitySettingsBinding.java;it/feio/android/omninotes/helpers/BackupHelper.java;it/feio/android/omninotes/utils/ResourcesUtils.java;it/feio/android/omninotes/BaseActivity.java;it/feio/android/omninotes/BaseFragment.java;it/feio/android/omninotes/CategoryActivity.java;it/feio/android/omninotes/DetailFragment.java;it/feio/android/omninotes/JacocoCoverageReceiver.java;it/feio/android/omninotes/ListFragment.java;it/feio/android/omninotes/MainActivity.java;it/feio/android/omninotes/NavigationDrawerFragment.java;it/feio/android/omninotes/OmniNotes.java;it/feio/android/omninotes/async/CategoryMenuTask.java;it/feio/android/omninotes/async/MainMenuTask.java;it/feio/android/omninotes/async/UpdateWidgetsTask.java;it/feio/android/omninotes/async/bus/DynamicNavigationReadyEvent.java;it/feio/android/omninotes/async/bus/NotesLoadedEvent.java;it/feio/android/omninotes/async/bus/NotesUpdatedEvent.java;it/feio/android/omninotes/async/bus/NotificationsGrantedEvent.java;it/feio/android/omninotes/async/bus/SwitchFragmentEvent.java;it/feio/android/omninotes/async/notes/NoteLoaderTask.java;it/feio/android/omninotes/async/notes/SaveNoteTask.java;it/feio/android/omninotes/databinding/ActivityCategoryBinding.java;it/feio/android/omninotes/databinding/ActivityMainBinding.java;it/feio/android/omninotes/databinding/CroutonHandleBinding.java;it/feio/android/omninotes/databinding/DrawerListItemBinding.java;it/feio/android/omninotes/databinding/FabBinding.java;it/feio/android/omninotes/databinding/FragmentDetailBinding.java;it/feio/android/omninotes/databinding/FragmentDetailContentBinding.java;it/feio/android/omninotes/databinding/FragmentListBinding.java;it/feio/android/omninotes/databinding/NoteLayoutExpandedBinding.java;it/feio/android/omninotes/databinding/ToolbarBinding.java;it/feio/android/omninotes/databinding/UndobarBinding.java;it/feio/android/omninotes/db/DbHelper.java;it/feio/android/omninotes/db/SqlParser.java;it/feio/android/omninotes/helpers/AppVersionHelper.java;it/feio/android/omninotes/helpers/LanguageHelper.java;it/feio/android/omninotes/helpers/LogDelegate.java;it/feio/android/omninotes/helpers/date/DateHelper.java;it/feio/android/omninotes/helpers/notifications/NotificationChannel.java;it/feio/android/omninotes/helpers/notifications/NotificationChannels.java;it/feio/android/omninotes/helpers/notifications/NotificationsHelper.java;it/feio/android/omninotes/intro/IntroActivity.java;it/feio/android/omninotes/models/Category.java;it/feio/android/omninotes/models/NavigationItem.java;it/feio/android/omninotes/models/Note.java;it/feio/android/omninotes/models/ONStyle.java;it/feio/android/omninotes/models/UndoBarController.java;it/feio/android/omninotes/models/adapters/AttachmentAdapter.java;it/feio/android/omninotes/models/adapters/CategoryBaseAdapter.java;it/feio/android/omninotes/models/adapters/CategoryRecyclerViewAdapter.java;it/feio/android/omninotes/models/adapters/NavDrawerAdapter.java;it/feio/android/omninotes/models/adapters/NoteAdapter.java;it/feio/android/omninotes/models/adapters/category/CategoryViewHolder.java;it/feio/android/omninotes/models/holders/NoteViewHolder.java;it/feio/android/omninotes/models/listeners/RecyclerViewItemClickSupport.java;it/feio/android/omninotes/models/misc/DynamicNavigationLookupTable.java;it/feio/android/omninotes/models/views/ExpandableHeightGridView.java;it/feio/android/omninotes/models/views/Fab.java;it/feio/android/omninotes/models/views/InterceptorLinearLayout.java;it/feio/android/omninotes/models/views/NonScrollableListView.java;it/feio/android/omninotes/models/views/RecyclerViewEmptySupport.java;it/feio/android/omninotes/models/views/SquareImageView.java;it/feio/android/omninotes/utils/AnimationsHelper.java;it/feio/android/omninotes/utils/Display.java;it/feio/android/omninotes/utils/GeocodeHelper.java;it/feio/android/omninotes/utils/IntentChecker.java;it/feio/android/omninotes/utils/KeyboardUtils.java;it/feio/android/omninotes/utils/Navigation.java;it/feio/android/omninotes/utils/TextHelper.java;it/feio/android/omninotes/utils/date/DateUtils.java,0.0,0.0,1.0,3.76
13,omni949,it/feio/android/omninotes/CategoryActivity.java;it/feio/android/omninotes/databinding/ActivityCategoryBinding.java;it/feio/android/omninotes/databinding/DrawerListItemBinding.java;it/feio/android/omninotes/models/Category.java;it/feio/android/omninotes/models/adapters/category/CategoryViewHolder.java;it/feio/android/omninotes/BaseActivity.java;it/feio/android/omninotes/BaseFragment.java;it/feio/android/omninotes/DetailFragment.java;it/feio/android/omninotes/JacocoCoverageReceiver.java;it/feio/android/omninotes/ListFragment.java;it/feio/android/omninotes/MainActivity.java;it/feio/android/omninotes/NavigationDrawerFragment.java;it/feio/android/omninotes/OmniNotes.java;it/feio/android/omninotes/async/CategoryMenuTask.java;it/feio/android/omninotes/async/MainMenuTask.java;it/feio/android/omninotes/async/UpdateWidgetsTask.java;it/feio/android/omninotes/async/bus/DynamicNavigationReadyEvent.java;it/feio/android/omninotes/async/bus/NotesLoadedEvent.java;it/feio/android/omninotes/async/bus/NotesUpdatedEvent.java;it/feio/android/omninotes/async/bus/NotificationsGrantedEvent.java;it/feio/android/omninotes/async/bus/SwitchFragmentEvent.java;it/feio/android/omninotes/async/notes/NoteLoaderTask.java;it/feio/android/omninotes/async/notes/SaveNoteTask.java;it/feio/android/omninotes/databinding/ActivityMainBinding.java;it/feio/android/omninotes/databinding/CroutonHandleBinding.java;it/feio/android/omninotes/databinding/FabBinding.java;it/feio/android/omninotes/databinding/FragmentDetailBinding.java;it/feio/android/omninotes/databinding/FragmentDetailContentBinding.java;it/feio/android/omninotes/databinding/FragmentListBinding.java;it/feio/android/omninotes/databinding/NoteLayoutExpandedBinding.java;it/feio/android/omninotes/databinding/ToolbarBinding.java;it/feio/android/omninotes/databinding/UndobarBinding.java;it/feio/android/omninotes/db/DbHelper.java;it/feio/android/omninotes/db/SqlParser.java;it/feio/android/omninotes/helpers/AppVersionHelper.java;it/feio/android/omninotes/helpers/LanguageHelper.java;it/feio/android/omninotes/helpers/LogDelegate.java;it/feio/android/omninotes/helpers/date/DateHelper.java;it/feio/android/omninotes/helpers/notifications/NotificationChannel.java;it/feio/android/omninotes/helpers/notifications/NotificationChannels.java;it/feio/android/omninotes/helpers/notifications/NotificationsHelper.java;it/feio/android/omninotes/intro/IntroActivity.java;it/feio/android/omninotes/models/NavigationItem.java;it/feio/android/omninotes/models/Note.java;it/feio/android/omninotes/models/ONStyle.java;it/feio/android/omninotes/models/Tag.java;it/feio/android/omninotes/models/UndoBarController.java;it/feio/android/omninotes/models/adapters/AttachmentAdapter.java;it/feio/android/omninotes/models/adapters/CategoryBaseAdapter.java;it/feio/android/omninotes/models/adapters/NavDrawerAdapter.java;it/feio/android/omninotes/models/adapters/NoteAdapter.java;it/feio/android/omninotes/models/holders/NoteViewHolder.java;it/feio/android/omninotes/models/listeners/RecyclerViewItemClickSupport.java;it/feio/android/omninotes/models/misc/DynamicNavigationLookupTable.java;it/feio/android/omninotes/models/views/ExpandableHeightGridView.java;it/feio/android/omninotes/models/views/Fab.java;it/feio/android/omninotes/models/views/InterceptorLinearLayout.java;it/feio/android/omninotes/models/views/NonScrollableListView.java;it/feio/android/omninotes/models/views/RecyclerViewEmptySupport.java;it/feio/android/omninotes/models/views/SquareImageView.java;it/feio/android/omninotes/utils/AnimationsHelper.java;it/feio/android/omninotes/utils/Display.java;it/feio/android/omninotes/utils/GeocodeHelper.java;it/feio/android/omninotes/utils/IntentChecker.java;it/feio/android/omninotes/utils/KeyboardUtils.java;it/feio/android/omninotes/utils/Navigation.java;it/feio/android/omninotes/utils/TagsHelper.java;it/feio/android/omninotes/utils/TextHelper.java;it/feio/android/omninotes/utils/date/DateUtils.java,0.0,0.0,1.0,3.77
14,omni950,it/feio/android/omninotes/SettingsActivity.java;it/feio/android/omninotes/SettingsFragment.java;it/feio/android/omninotes/async/bus/NotesUpdatedEvent.java;it/feio/android/omninotes/async/notes/SaveNoteTask.java;it/feio/android/omninotes/databinding/ActivitySettingsBinding.java;it/feio/android/omninotes/databinding/NoteLayoutBinding.java;it/feio/android/omninotes/databinding/NoteLayoutExpandedBinding.java;it/feio/android/omninotes/helpers/BackupHelper.java;it/feio/android/omninotes/models/adapters/CategoryRecyclerViewAdapter.java;it/feio/android/omninotes/models/holders/NoteViewHolder.java;it/feio/android/omninotes/models/views/SquareImageView.java;it/feio/android/omninotes/utils/ResourcesUtils.java;it/feio/android/omninotes/utils/TextHelper.java;it/feio/android/omninotes/BaseActivity.java;it/feio/android/omninotes/BaseFragment.java;it/feio/android/omninotes/CategoryActivity.java;it/feio/android/omninotes/CoverageReceiver.java;it/feio/android/omninotes/DetailFragment.java;it/feio/android/omninotes/ListFragment.java;it/feio/android/omninotes/MainActivity.java;it/feio/android/omninotes/NavigationDrawerFragment.java;it/feio/android/omninotes/OmniNotes.java;it/feio/android/omninotes/async/CategoryMenuTask.java;it/feio/android/omninotes/async/MainMenuTask.java;it/feio/android/omninotes/async/UpdateWidgetsTask.java;it/feio/android/omninotes/async/bus/DynamicNavigationReadyEvent.java;it/feio/android/omninotes/async/bus/NotesLoadedEvent.java;it/feio/android/omninotes/async/bus/NotificationsGrantedEvent.java;it/feio/android/omninotes/async/bus/SwitchFragmentEvent.java;it/feio/android/omninotes/async/notes/NoteLoaderTask.java;it/feio/android/omninotes/databinding/ActivityCategoryBinding.java;it/feio/android/omninotes/databinding/ActivityMainBinding.java;it/feio/android/omninotes/databinding/CroutonHandleBinding.java;it/feio/android/omninotes/databinding/DrawerListItemBinding.java;it/feio/android/omninotes/databinding/FabBinding.java;it/feio/android/omninotes/databinding/FragmentDetailBinding.java;it/feio/android/omninotes/databinding/FragmentDetailContentBinding.java;it/feio/android/omninotes/databinding/FragmentListBinding.java;it/feio/android/omninotes/databinding/ToolbarBinding.java;it/feio/android/omninotes/databinding/UndobarBinding.java;it/feio/android/omninotes/db/DbHelper.java;it/feio/android/omninotes/db/SqlParser.java;it/feio/android/omninotes/helpers/AppVersionHelper.java;it/feio/android/omninotes/helpers/LanguageHelper.java;it/feio/android/omninotes/helpers/LogDelegate.java;it/feio/android/omninotes/helpers/date/DateHelper.java;it/feio/android/omninotes/helpers/notifications/NotificationChannel.java;it/feio/android/omninotes/helpers/notifications/NotificationChannels.java;it/feio/android/omninotes/helpers/notifications/NotificationsHelper.java;it/feio/android/omninotes/intro/IntroActivity.java;it/feio/android/omninotes/models/Category.java;it/feio/android/omninotes/models/NavigationItem.java;it/feio/android/omninotes/models/Note.java;it/feio/android/omninotes/models/ONStyle.java;it/feio/android/omninotes/models/UndoBarController.java;it/feio/android/omninotes/models/adapters/AttachmentAdapter.java;it/feio/android/omninotes/models/adapters/CategoryBaseAdapter.java;it/feio/android/omninotes/models/adapters/NavDrawerAdapter.java;it/feio/android/omninotes/models/adapters/NoteAdapter.java;it/feio/android/omninotes/models/adapters/category/CategoryViewHolder.java;it/feio/android/omninotes/models/listeners/RecyclerViewItemClickSupport.java;it/feio/android/omninotes/models/misc/DynamicNavigationLookupTable.java;it/feio/android/omninotes/models/views/ExpandableHeightGridView.java;it/feio/android/omninotes/models/views/Fab.java;it/feio/android/omninotes/models/views/InterceptorLinearLayout.java;it/feio/android/omninotes/models/views/NonScrollableListView.java;it/feio/android/omninotes/models/views/RecyclerViewEmptySupport.java;it/feio/android/omninotes/utils/AnimationsHelper.java;it/feio/android/omninotes/utils/Display.java;it/feio/android/omninotes/utils/GeocodeHelper.java;it/feio/android/omninotes/utils/IntentChecker.java;it/feio/android/omninotes/utils/KeyboardUtils.java;it/feio/android/omninotes/utils/Navigation.java;it/feio/android/omninotes/utils/date/DateUtils.java,0.0,0.0,0.0,19.34
15,omni951,it/feio/android/omninotes/CategoryActivity.java;it/feio/android/omninotes/SettingsActivity.java;it/feio/android/omninotes/SettingsFragment.java;it/feio/android/omninotes/databinding/ActivityCategoryBinding.java;it/feio/android/omninotes/databinding/ActivitySettingsBinding.java;it/feio/android/omninotes/databinding/DrawerListItemBinding.java;it/feio/android/omninotes/databinding/NoteLayoutBinding.java;it/feio/android/omninotes/helpers/BackupHelper.java;it/feio/android/omninotes/models/Category.java;it/feio/android/omninotes/models/adapters/category/CategoryViewHolder.java;it/feio/android/omninotes/utils/ResourcesUtils.java;it/feio/android/omninotes/BaseActivity.java;it/feio/android/omninotes/BaseFragment.java;it/feio/android/omninotes/CoverageReceiver.java;it/feio/android/omninotes/DetailFragment.java;it/feio/android/omninotes/ListFragment.java;it/feio/android/omninotes/MainActivity.java;it/feio/android/omninotes/NavigationDrawerFragment.java;it/feio/android/omninotes/OmniNotes.java;it/feio/android/omninotes/async/CategoryMenuTask.java;it/feio/android/omninotes/async/MainMenuTask.java;it/feio/android/omninotes/async/UpdateWidgetsTask.java;it/feio/android/omninotes/async/bus/DynamicNavigationReadyEvent.java;it/feio/android/omninotes/async/bus/NotesLoadedEvent.java;it/feio/android/omninotes/async/bus/NotesUpdatedEvent.java;it/feio/android/omninotes/async/bus/NotificationsGrantedEvent.java;it/feio/android/omninotes/async/bus/SwitchFragmentEvent.java;it/feio/android/omninotes/async/notes/NoteLoaderTask.java;it/feio/android/omninotes/async/notes/SaveNoteTask.java;it/feio/android/omninotes/databinding/ActivityMainBinding.java;it/feio/android/omninotes/databinding/CroutonHandleBinding.java;it/feio/android/omninotes/databinding/FabBinding.java;it/feio/android/omninotes/databinding/FragmentDetailBinding.java;it/feio/android/omninotes/databinding/FragmentDetailContentBinding.java;it/feio/android/omninotes/databinding/FragmentListBinding.java;it/feio/android/omninotes/databinding/NoteLayoutExpandedBinding.java;it/feio/android/omninotes/databinding/ToolbarBinding.java;it/feio/android/omninotes/databinding/UndobarBinding.java;it/feio/android/omninotes/db/DbHelper.java;it/feio/android/omninotes/db/SqlParser.java;it/feio/android/omninotes/helpers/AppVersionHelper.java;it/feio/android/omninotes/helpers/LanguageHelper.java;it/feio/android/omninotes/helpers/LogDelegate.java;it/feio/android/omninotes/helpers/date/DateHelper.java;it/feio/android/omninotes/helpers/notifications/NotificationChannel.java;it/feio/android/omninotes/helpers/notifications/NotificationChannels.java;it/feio/android/omninotes/helpers/notifications/NotificationsHelper.java;it/feio/android/omninotes/intro/IntroActivity.java;it/feio/android/omninotes/models/NavigationItem.java;it/feio/android/omninotes/models/Note.java;it/feio/android/omninotes/models/ONStyle.java;it/feio/android/omninotes/models/Tag.java;it/feio/android/omninotes/models/UndoBarController.java;it/feio/android/omninotes/models/adapters/AttachmentAdapter.java;it/feio/android/omninotes/models/adapters/CategoryBaseAdapter.java;it/feio/android/omninotes/models/adapters/NavDrawerAdapter.java;it/feio/android/omninotes/models/adapters/NoteAdapter.java;it/feio/android/omninotes/models/holders/NoteViewHolder.java;it/feio/android/omninotes/models/listeners/RecyclerViewItemClickSupport.java;it/feio/android/omninotes/models/misc/DynamicNavigationLookupTable.java;it/feio/android/omninotes/models/views/ExpandableHeightGridView.java;it/feio/android/omninotes/models/views/Fab.java;it/feio/android/omninotes/models/views/InterceptorLinearLayout.java;it/feio/android/omninotes/models/views/NonScrollableListView.java;it/feio/android/omninotes/models/views/RecyclerViewEmptySupport.java;it/feio/android/omninotes/models/views/SquareImageView.java;it/feio/android/omninotes/utils/AnimationsHelper.java;it/feio/android/omninotes/utils/Display.java;it/feio/android/omninotes/utils/GeocodeHelper.java;it/feio/android/omninotes/utils/IntentChecker.java;it/feio/android/omninotes/utils/KeyboardUtils.java;it/feio/android/omninotes/utils/Navigation.java;it/feio/android/omninotes/utils/TagsHelper.java;it/feio/android/omninotes/utils/TextHelper.java;it/feio/android/omninotes/utils/date/DateUtils.java,0.0,0.0,0.0,7.55
16,omni954,it/feio/android/omninotes/NoteInfosActivity.java;it/feio/android/omninotes/async/TextWorkerTask.java;it/feio/android/omninotes/databinding/ActivityNoteInfosBinding.java;it/feio/android/omninotes/helpers/NotesHelper.java;it/feio/android/omninotes/helpers/count/CountFactory.java;it/feio/android/omninotes/helpers/count/DefaultWordCounter.java;it/feio/android/omninotes/helpers/count/WordCounter.java;it/feio/android/omninotes/models/StatsSingleNote.java;it/feio/android/omninotes/utils/AlphaManager.java;it/feio/android/omninotes/utils/ReminderHelper.java;it/feio/android/omninotes/utils/ShortcutHelper.java;it/feio/android/omninotes/utils/TagsHelper.java;it/feio/android/omninotes/BaseActivity.java;it/feio/android/omninotes/BaseFragment.java;it/feio/android/omninotes/CoverageReceiver.java;it/feio/android/omninotes/DetailFragment.java;it/feio/android/omninotes/ListFragment.java;it/feio/android/omninotes/MainActivity.java;it/feio/android/omninotes/NavigationDrawerFragment.java;it/feio/android/omninotes/OmniNotes.java;it/feio/android/omninotes/SettingsActivity.java;it/feio/android/omninotes/SettingsFragment.java;it/feio/android/omninotes/async/CategoryMenuTask.java;it/feio/android/omninotes/async/MainMenuTask.java;it/feio/android/omninotes/async/UpdateWidgetsTask.java;it/feio/android/omninotes/async/bus/DynamicNavigationReadyEvent.java;it/feio/android/omninotes/async/bus/NavigationUpdatedEvent.java;it/feio/android/omninotes/async/bus/NavigationUpdatedNavDrawerClosedEvent.java;it/feio/android/omninotes/async/bus/NotesLoadedEvent.java;it/feio/android/omninotes/async/bus/NotesUpdatedEvent.java;it/feio/android/omninotes/async/bus/NotificationsGrantedEvent.java;it/feio/android/omninotes/async/bus/SwitchFragmentEvent.java;it/feio/android/omninotes/async/notes/NoteLoaderTask.java;it/feio/android/omninotes/async/notes/SaveNoteTask.java;it/feio/android/omninotes/databinding/ActivityMainBinding.java;it/feio/android/omninotes/databinding/ActivitySettingsBinding.java;it/feio/android/omninotes/databinding/CroutonHandleBinding.java;it/feio/android/omninotes/databinding/FabBinding.java;it/feio/android/omninotes/databinding/FragmentDetailBinding.java;it/feio/android/omninotes/databinding/FragmentDetailContentBinding.java;it/feio/android/omninotes/databinding/FragmentListBinding.java;it/feio/android/omninotes/databinding/NoteLayoutExpandedBinding.java;it/feio/android/omninotes/databinding/ToolbarBinding.java;it/feio/android/omninotes/databinding/UndobarBinding.java;it/feio/android/omninotes/db/DbHelper.java;it/feio/android/omninotes/db/SqlParser.java;it/feio/android/omninotes/helpers/AppVersionHelper.java;it/feio/android/omninotes/helpers/LanguageHelper.java;it/feio/android/omninotes/helpers/LogDelegate.java;it/feio/android/omninotes/helpers/date/DateHelper.java;it/feio/android/omninotes/helpers/notifications/NotificationChannel.java;it/feio/android/omninotes/helpers/notifications/NotificationChannels.java;it/feio/android/omninotes/helpers/notifications/NotificationsHelper.java;it/feio/android/omninotes/intro/IntroActivity.java;it/feio/android/omninotes/models/NavigationItem.java;it/feio/android/omninotes/models/Note.java;it/feio/android/omninotes/models/ONStyle.java;it/feio/android/omninotes/models/UndoBarController.java;it/feio/android/omninotes/models/adapters/AttachmentAdapter.java;it/feio/android/omninotes/models/adapters/CategoryBaseAdapter.java;it/feio/android/omninotes/models/adapters/NavDrawerAdapter.java;it/feio/android/omninotes/models/adapters/NoteAdapter.java;it/feio/android/omninotes/models/holders/NoteViewHolder.java;it/feio/android/omninotes/models/listeners/RecyclerViewItemClickSupport.java;it/feio/android/omninotes/models/misc/DynamicNavigationLookupTable.java;it/feio/android/omninotes/models/views/ExpandableHeightGridView.java;it/feio/android/omninotes/models/views/Fab.java;it/feio/android/omninotes/models/views/InterceptorLinearLayout.java;it/feio/android/omninotes/models/views/NonScrollableListView.java;it/feio/android/omninotes/models/views/RecyclerViewEmptySupport.java;it/feio/android/omninotes/models/views/SquareImageView.java;it/feio/android/omninotes/utils/AnimationsHelper.java;it/feio/android/omninotes/utils/Display.java;it/feio/android/omninotes/utils/GeocodeHelper.java;it/feio/android/omninotes/utils/IntentChecker.java;it/feio/android/omninotes/utils/KeyboardUtils.java;it/feio/android/omninotes/utils/Navigation.java;it/feio/android/omninotes/utils/ResourcesUtils.java;it/feio/android/omninotes/utils/TextHelper.java;it/feio/android/omninotes/utils/date/DateUtils.java,0.0,0.0,0.0,21.23
17,omni956,it/feio/android/omninotes/CategoryActivity.java;it/feio/android/omninotes/PasswordActivity.java;it/feio/android/omninotes/SettingsActivity.java;it/feio/android/omninotes/SettingsFragment.java;it/feio/android/omninotes/async/TextWorkerTask.java;it/feio/android/omninotes/databinding/ActivityCategoryBinding.java;it/feio/android/omninotes/databinding/ActivitySettingsBinding.java;it/feio/android/omninotes/databinding/DrawerListItemBinding.java;it/feio/android/omninotes/databinding/NoteLayoutBinding.java;it/feio/android/omninotes/helpers/BackupHelper.java;it/feio/android/omninotes/models/Category.java;it/feio/android/omninotes/models/adapters/category/CategoryViewHolder.java;it/feio/android/omninotes/utils/AlphaManager.java;it/feio/android/omninotes/utils/ResourcesUtils.java;it/feio/android/omninotes/utils/date/ReminderPickers.java;it/feio/android/omninotes/utils/date/SublimePickerFragment.java;it/feio/android/omninotes/BaseActivity.java;it/feio/android/omninotes/BaseFragment.java;it/feio/android/omninotes/CoverageReceiver.java;it/feio/android/omninotes/DetailFragment.java;it/feio/android/omninotes/ListFragment.java;it/feio/android/omninotes/MainActivity.java;it/feio/android/omninotes/NavigationDrawerFragment.java;it/feio/android/omninotes/OmniNotes.java;it/feio/android/omninotes/async/CategoryMenuTask.java;it/feio/android/omninotes/async/MainMenuTask.java;it/feio/android/omninotes/async/UpdateWidgetsTask.java;it/feio/android/omninotes/async/bus/DynamicNavigationReadyEvent.java;it/feio/android/omninotes/async/bus/NotesLoadedEvent.java;it/feio/android/omninotes/async/bus/NotesUpdatedEvent.java;it/feio/android/omninotes/async/bus/NotificationsGrantedEvent.java;it/feio/android/omninotes/async/bus/SwitchFragmentEvent.java;it/feio/android/omninotes/async/notes/NoteLoaderTask.java;it/feio/android/omninotes/async/notes/SaveNoteTask.java;it/feio/android/omninotes/databinding/ActivityMainBinding.java;it/feio/android/omninotes/databinding/CroutonHandleBinding.java;it/feio/android/omninotes/databinding/FabBinding.java;it/feio/android/omninotes/databinding/FragmentDetailBinding.java;it/feio/android/omninotes/databinding/FragmentDetailContentBinding.java;it/feio/android/omninotes/databinding/FragmentListBinding.java;it/feio/android/omninotes/databinding/NoteLayoutExpandedBinding.java;it/feio/android/omninotes/databinding/ToolbarBinding.java;it/feio/android/omninotes/databinding/UndobarBinding.java;it/feio/android/omninotes/db/DbHelper.java;it/feio/android/omninotes/db/SqlParser.java;it/feio/android/omninotes/helpers/AppVersionHelper.java;it/feio/android/omninotes/helpers/LanguageHelper.java;it/feio/android/omninotes/helpers/LogDelegate.java;it/feio/android/omninotes/helpers/date/DateHelper.java;it/feio/android/omninotes/helpers/notifications/NotificationChannel.java;it/feio/android/omninotes/helpers/notifications/NotificationChannels.java;it/feio/android/omninotes/helpers/notifications/NotificationsHelper.java;it/feio/android/omninotes/intro/IntroActivity.java;it/feio/android/omninotes/models/NavigationItem.java;it/feio/android/omninotes/models/Note.java;it/feio/android/omninotes/models/ONStyle.java;it/feio/android/omninotes/models/Tag.java;it/feio/android/omninotes/models/UndoBarController.java;it/feio/android/omninotes/models/adapters/AttachmentAdapter.java;it/feio/android/omninotes/models/adapters/CategoryBaseAdapter.java;it/feio/android/omninotes/models/adapters/NavDrawerAdapter.java;it/feio/android/omninotes/models/adapters/NoteAdapter.java;it/feio/android/omninotes/models/holders/NoteViewHolder.java;it/feio/android/omninotes/models/listeners/RecyclerViewItemClickSupport.java;it/feio/android/omninotes/models/misc/DynamicNavigationLookupTable.java;it/feio/android/omninotes/models/views/ExpandableHeightGridView.java;it/feio/android/omninotes/models/views/Fab.java;it/feio/android/omninotes/models/views/InterceptorLinearLayout.java;it/feio/android/omninotes/models/views/NonScrollableListView.java;it/feio/android/omninotes/models/views/RecyclerViewEmptySupport.java;it/feio/android/omninotes/models/views/SquareImageView.java;it/feio/android/omninotes/utils/AnimationsHelper.java;it/feio/android/omninotes/utils/Display.java;it/feio/android/omninotes/utils/GeocodeHelper.java;it/feio/android/omninotes/utils/IntentChecker.java;it/feio/android/omninotes/utils/KeyboardUtils.java;it/feio/android/omninotes/utils/Navigation.java;it/feio/android/omninotes/utils/TagsHelper.java;it/feio/android/omninotes/utils/TextHelper.java;it/feio/android/omninotes/utils/date/DateUtils.java,0.0,0.0,0.0,9.91
18,omni981,it/feio/android/omninotes/CategoryActivity.java;it/feio/android/omninotes/DetailFragment.java;it/feio/android/omninotes/SettingsActivity.java;it/feio/android/omninotes/SettingsFragment.java;it/feio/android/omninotes/async/TextWorkerTask.java;it/feio/android/omninotes/async/bus/NotesUpdatedEvent.java;it/feio/android/omninotes/async/bus/SwitchFragmentEvent.java;it/feio/android/omninotes/async/notes/SaveNoteTask.java;it/feio/android/omninotes/databinding/ActivityCategoryBinding.java;it/feio/android/omninotes/databinding/ActivitySettingsBinding.java;it/feio/android/omninotes/databinding/DrawerListItemBinding.java;it/feio/android/omninotes/databinding/FragmentDetailBinding.java;it/feio/android/omninotes/databinding/FragmentDetailContentBinding.java;it/feio/android/omninotes/databinding/NoteLayoutBinding.java;it/feio/android/omninotes/databinding/NoteLayoutExpandedBinding.java;it/feio/android/omninotes/helpers/BackupHelper.java;it/feio/android/omninotes/helpers/date/DateHelper.java;it/feio/android/omninotes/models/Category.java;it/feio/android/omninotes/models/Note.java;it/feio/android/omninotes/models/ONStyle.java;it/feio/android/omninotes/models/adapters/AttachmentAdapter.java;it/feio/android/omninotes/models/adapters/category/CategoryViewHolder.java;it/feio/android/omninotes/models/holders/NoteViewHolder.java;it/feio/android/omninotes/models/views/ExpandableHeightGridView.java;it/feio/android/omninotes/models/views/SquareImageView.java;it/feio/android/omninotes/utils/AlphaManager.java;it/feio/android/omninotes/utils/AnimationsHelper.java;it/feio/android/omninotes/utils/GeocodeHelper.java;it/feio/android/omninotes/utils/KeyboardUtils.java;it/feio/android/omninotes/utils/ResourcesUtils.java;it/feio/android/omninotes/utils/TextHelper.java;it/feio/android/omninotes/utils/date/DateUtils.java;it/feio/android/omninotes/BaseActivity.java;it/feio/android/omninotes/BaseFragment.java;it/feio/android/omninotes/CoverageReceiver.java;it/feio/android/omninotes/ListFragment.java;it/feio/android/omninotes/MainActivity.java;it/feio/android/omninotes/NavigationDrawerFragment.java;it/feio/android/omninotes/OmniNotes.java;it/feio/android/omninotes/async/CategoryMenuTask.java;it/feio/android/omninotes/async/MainMenuTask.java;it/feio/android/omninotes/async/UpdateWidgetsTask.java;it/feio/android/omninotes/async/bus/DynamicNavigationReadyEvent.java;it/feio/android/omninotes/async/bus/NotesLoadedEvent.java;it/feio/android/omninotes/async/bus/NotificationsGrantedEvent.java;it/feio/android/omninotes/async/notes/NoteLoaderTask.java;it/feio/android/omninotes/databinding/ActivityMainBinding.java;it/feio/android/omninotes/databinding/CroutonHandleBinding.java;it/feio/android/omninotes/databinding/FabBinding.java;it/feio/android/omninotes/databinding/FragmentListBinding.java;it/feio/android/omninotes/databinding/ToolbarBinding.java;it/feio/android/omninotes/databinding/UndobarBinding.java;it/feio/android/omninotes/db/DbHelper.java;it/feio/android/omninotes/db/SqlParser.java;it/feio/android/omninotes/helpers/AppVersionHelper.java;it/feio/android/omninotes/helpers/LanguageHelper.java;it/feio/android/omninotes/helpers/LogDelegate.java;it/feio/android/omninotes/helpers/notifications/NotificationChannel.java;it/feio/android/omninotes/helpers/notifications/NotificationChannels.java;it/feio/android/omninotes/helpers/notifications/NotificationsHelper.java;it/feio/android/omninotes/intro/IntroActivity.java;it/feio/android/omninotes/models/NavigationItem.java;it/feio/android/omninotes/models/UndoBarController.java;it/feio/android/omninotes/models/adapters/CategoryBaseAdapter.java;it/feio/android/omninotes/models/adapters/NavDrawerAdapter.java;it/feio/android/omninotes/models/adapters/NoteAdapter.java;it/feio/android/omninotes/models/listeners/RecyclerViewItemClickSupport.java;it/feio/android/omninotes/models/misc/DynamicNavigationLookupTable.java;it/feio/android/omninotes/models/views/Fab.java;it/feio/android/omninotes/models/views/InterceptorLinearLayout.java;it/feio/android/omninotes/models/views/NonScrollableListView.java;it/feio/android/omninotes/models/views/RecyclerViewEmptySupport.java;it/feio/android/omninotes/utils/Display.java;it/feio/android/omninotes/utils/IntentChecker.java;it/feio/android/omninotes/utils/Navigation.java,0.0,0.0,0.0,17.06
19,anki20279,com/ichi2/anki/CardTemplateNotetype.kt;com/ichi2/anki/CustomActionModeCallback.kt;com/ichi2/anki/FieldEditLine.kt;com/ichi2/anki/FieldEditText.kt;com/ichi2/anki/NoteEditorActivity.kt;com/ichi2/anki/NoteFieldsCheckResult.kt;com/ichi2/anki/SingleFragmentActivity.kt;com/ichi2/anki/StudyOptionsActivity.kt;com/ichi2/anki/StudyOptionsFragment.kt;com/ichi2/anki/UIUtils.kt;com/ichi2/anki/backend/HtmlUtils.kt;com/ichi2/anki/browser/CardOrNoteId.kt;com/ichi2/anki/contextmenu/DeckPickerMenuContentProvider.kt;com/ichi2/anki/dialogs/EditDeckDescriptionDialog.kt;com/ichi2/anki/dialogs/EditDeckDescriptionDialogViewModel.kt;com/ichi2/anki/dialogs/customstudy/CustomStudyViewModel.kt;com/ichi2/anki/noteeditor/CustomToolbarButton.kt;com/ichi2/anki/noteeditor/FieldState.kt;com/ichi2/anki/noteeditor/NoteEditorLauncher.kt;com/ichi2/anki/noteeditor/Toolbar.kt;com/ichi2/anki/observability/OpChangesNotifier.kt;com/ichi2/anki/pages/AnkiServer.kt;com/ichi2/anki/pages/DeckOptions.kt;com/ichi2/anki/pages/PageChromeClient.kt;com/ichi2/anki/pages/PageFragment.kt;com/ichi2/anki/pages/PageWebViewClient.kt;com/ichi2/anki/pages/PostRequestHandler.kt;com/ichi2/anki/servicelayer/LanguageHintService.kt;com/ichi2/anki/servicelayer/NoteService.kt;com/ichi2/anki/ui/NoteTypeSpinnerUtils.kt;com/ichi2/anki/ui/windows/managespace/FileUtils.kt;com/ichi2/anki/utils/Dialog.kt;com/ichi2/anki/utils/OnlyOnce.kt;com/ichi2/anki/utils/ShortcutUtils.kt;com/ichi2/anki/utils/ext/BundleUtils.kt;com/ichi2/anki/utils/ext/Deck.kt;com/ichi2/anki/utils/ext/Fragment.kt;com/ichi2/anki/utils/ext/Int.kt;com/ichi2/anki/workarounds/SafeWebViewClient.kt;com/ichi2/anki/workarounds/SafeWebViewLayout.kt;com/ichi2/ui/FixedEditText.kt;com/ichi2/utils/AssetHelper.kt;com/ichi2/utils/Colour.kt;com/ichi2/utils/FragmentFactoryUtils.kt;com/ichi2/utils/HashUtil.kt;com/ichi2/utils/NoteFieldDecorator.kt;com/ichi2/utils/TimeUtil.kt;com/ichi2/utils/ViewGroupUtils.kt;com/ichi2/widget/Id.kt;com/ichi2/widget/cardanalysis/CardAnalysisWidget.kt;com/ichi2/widget/deckpicker/DeckPickerWidget.kt;androidx/drawerlayout/widget/ClosableDrawerLayout.kt;com/ichi2/anim/ActivityTransitionAnimation.kt;com/ichi2/anki/AbstractFlashcardViewer.kt;com/ichi2/anki/AbstractIntentHandler.kt;com/ichi2/anki/ActionProviderCompat.kt;com/ichi2/anki/AnkiActivity.kt;com/ichi2/anki/AnkiDroidApp.kt;com/ichi2/anki/AppLifecycleObserver.kt;com/ichi2/anki/BackendBackups.kt;com/ichi2/anki/BackupManager.kt;com/ichi2/anki/CardBrowser.kt;com/ichi2/anki/CollectionHelper.kt;com/ichi2/anki/CollectionManager.kt;com/ichi2/anki/CoroutineHelpers.kt;com/ichi2/anki/CrashReportService.kt;com/ichi2/anki/DayRolloverHandler.kt;com/ichi2/anki/DeckPicker.kt;com/ichi2/anki/DeckPickerFloatingActionMenu.kt;com/ichi2/anki/DeckSpinnerSelection.kt;com/ichi2/anki/Flag.kt;com/ichi2/anki/InitialActivity.kt;com/ichi2/anki/IntentHandler.kt;com/ichi2/anki/IntroductionActivity.kt;com/ichi2/anki/LeakCanaryConfiguration.kt;com/ichi2/anki/NavigationDrawerActivity.kt;com/ichi2/anki/NoteEditorFragment.kt;com/ichi2/anki/NotificationChannels.kt;com/ichi2/anki/OnContextAndLongClickListener.kt;com/ichi2/anki/Reviewer.kt;com/ichi2/anki/Sync.kt;com/ichi2/anki/SyncActionProvider.kt;com/ichi2/anki/TtsVoices.kt;com/ichi2/anki/analytics/AnalyticsDialogFragment.kt;com/ichi2/anki/analytics/UsageAnalytics.kt;com/ichi2/anki/android/back/ExitViaDoubleTapBackBackPressCallback.kt;com/ichi2/anki/backend/BackendDBUtils.kt;com/ichi2/anki/browser/BrowserColumnCollection.kt;com/ichi2/anki/browser/BrowserMultiColumnAdapter.kt;com/ichi2/anki/browser/BrowserRowCollection.kt;com/ichi2/anki/browser/CardBrowserColumn.kt;com/ichi2/anki/browser/CardBrowserFragment.kt;com/ichi2/anki/browser/CardBrowserFragmentViewModel.kt;com/ichi2/anki/browser/CardBrowserLaunchOptions.kt;com/ichi2/anki/browser/CardBrowserViewModel.kt;com/ichi2/anki/browser/FindAndReplaceDialogFragment.kt;com/ichi2/anki/browser/LastDeckIdRepository.kt;com/ichi2/anki/browser/ReverseDirection.kt;com/ichi2/anki/browser/search/CardBrowserSearchViewModel.kt;com/ichi2/anki/browser/search/SavedSearches.kt;com/ichi2/anki/cardviewer/MediaErrorHandler.kt;com/ichi2/anki/contextmenu/AnkiCardContextMenu.kt;com/ichi2/anki/contextmenu/CardBrowserContextMenu.kt;com/ichi2/anki/contextmenu/SystemContextMenu.kt;com/ichi2/anki/deckpicker/DeckPickerViewModel.kt;com/ichi2/anki/deckpicker/DisplayDeckNode.kt;com/ichi2/anki/dialogs/BackupPromptDialog.kt;com/ichi2/anki/dialogs/CreateDeckDialog.kt;com/ichi2/anki/dialogs/DeckPickerContextMenu.kt;com/ichi2/anki/dialogs/DeckSelectionDialog.kt;com/ichi2/anki/dialogs/DialogHandler.kt;com/ichi2/anki/dialogs/SaveBrowserSearchDialogFragment.kt;com/ichi2/anki/dialogs/SavedBrowserSearchesDialogFragment.kt;com/ichi2/anki/dialogs/customstudy/CustomStudyDialog.kt;com/ichi2/anki/dialogs/tags/TagsDialogFactory.kt;com/ichi2/anki/i18n/LocaleCodes.kt;com/ichi2/anki/introduction/CollectionPermissionScreenLauncher.kt;com/ichi2/anki/introduction/SetupCollectionFragment.kt;com/ichi2/anki/logging/FragmentLifecycleLogger.kt;com/ichi2/anki/logging/LogType.kt;com/ichi2/anki/model/CardsOrNotes.kt;com/ichi2/anki/model/SelectableDeck.kt;com/ichi2/anki/model/SortType.kt;com/ichi2/anki/observability/ChangeManager.kt;com/ichi2/anki/preferences/PreferenceUtils.kt;com/ichi2/anki/provider/CardContentProvider.kt;com/ichi2/anki/scheduling/ForgetCardsDialog.kt;com/ichi2/anki/servicelayer/DebugInfoService.kt;com/ichi2/anki/servicelayer/PreferenceUpgradeService.kt;com/ichi2/anki/servicelayer/ScopedStorageService.kt;com/ichi2/anki/servicelayer/ThrowableFilterService.kt;com/ichi2/anki/settings/Prefs.kt;com/ichi2/anki/settings/enums/AppTheme.kt;com/ichi2/anki/settings/enums/DayTheme.kt;com/ichi2/anki/settings/enums/FrameStyle.kt;com/ichi2/anki/settings/enums/HideSystemBars.kt;com/ichi2/anki/settings/enums/NightTheme.kt;com/ichi2/anki/settings/enums/ToolbarPosition.kt;com/ichi2/anki/snackbar/SensibleSwipeDismissBehavior.kt;com/ichi2/anki/snackbar/Snackbars.kt;com/ichi2/anki/snackbar/SwipeDismissBehaviorFix.kt;com/ichi2/anki/ui/DoubleTapListener.kt;com/ichi2/anki/ui/RecyclerFastScroller.kt;com/ichi2/anki/ui/animations/ViewAnimations.kt;com/ichi2/anki/ui/dialogs/ActivityAgnosticDialogs.kt;com/ichi2/anki/ui/internationalization/SentenceCase.kt;com/ichi2/anki/utils/AnimationUtils.kt;com/ichi2/anki/utils/MimeTypeUtils.kt;com/ichi2/anki/utils/ext/FragmentActivity.kt;com/ichi2/anki/utils/ext/FragmentResult.kt;com/ichi2/anki/widgets/DeckAdapter.kt;com/ichi2/anki/workarounds/AppLoadedFromBackupWorkaround.kt;com/ichi2/anki/worker/SyncWorker.kt;com/ichi2/compat/BaseCompat.kt;com/ichi2/compat/CompatHelper.kt;com/ichi2/compat/CompatV26.kt;com/ichi2/compat/CompatV29.kt;com/ichi2/compat/CompatV31.kt;com/ichi2/compat/CompatV33.kt;com/ichi2/compat/CompatV34.kt;com/ichi2/compat/PackageManagerCompat.kt;com/ichi2/compat/ResolveInfoCompat.kt;com/ichi2/compat/customtabs/CustomTabActivityHelper.kt;com/ichi2/compat/customtabs/CustomTabsHelper.kt;com/ichi2/compat/customtabs/ServiceConnection.kt;com/ichi2/preferences/PreferenceExtensions.kt;com/ichi2/themes/Themes.kt;com/ichi2/ui/AccessibleSearchView.kt;com/ichi2/ui/BadgeDrawable.kt;com/ichi2/ui/BadgeDrawableBuilder.kt;com/ichi2/ui/CardBrowserSearchView.kt;com/ichi2/ui/FixedTextView.kt;com/ichi2/ui/RtlCompliantActionProvider.kt;com/ichi2/utils/AdaptionUtil.kt;com/ichi2/utils/AlertDialogFacade.kt;com/ichi2/utils/AndroidUiUtils.kt;com/ichi2/utils/ClipboardUtil.kt;com/ichi2/utils/DisplayUtils.kt;com/ichi2/utils/EditTextUtils.kt;com/ichi2/utils/ExtendedFragmentFactory.kt;com/ichi2/utils/FileUtil.kt;com/ichi2/utils/HandlerUtils.kt;com/ichi2/utils/LanguageUtil.kt;com/ichi2/utils/NetworkUtils.kt;com/ichi2/utils/Permissions.kt;com/ichi2/utils/Threads.kt;com/ichi2/utils/VersionUtils.kt;com/ichi2/utils/ViewUtils.kt;com/ichi2/utils/WebViewUtils.kt;com/ichi2/widget/WidgetStatus.kt,0.0,0.0,0.0,4.66
20,diary132,android/support/v7/preference/R.java;de/rampro/activitydiary/ui/history/HistoryActivity.java;de/rampro/activitydiary/ui/history/HistoryDetailActivity.java;de/rampro/activitydiary/ui/history/HistoryRecyclerViewAdapter.java;de/rampro/activitydiary/ui/history/HistoryViewHolders.java;de/rampro/activitydiary/ui/main/NoteEditDialog.java;de/rampro/activitydiary/ui/settings/SettingsActivity.java;de/rampro/activitydiary/ui/settings/SettingsFragment.java;android/support/constraint/R.java;android/support/coreui/R.java;android/support/design/R.java;android/support/v7/appcompat/R.java;android/support/v7/cardview/R.java;android/support/v7/recyclerview/R.java;de/rampro/activitydiary/ActivityDiaryApplication.java;de/rampro/activitydiary/CoverageReceiver.java;de/rampro/activitydiary/db/ActivityDiaryContentProvider.java;de/rampro/activitydiary/db/ActivityDiaryContract.java;de/rampro/activitydiary/db/LocalDBHelper.java;de/rampro/activitydiary/helpers/ActivityHelper.java;de/rampro/activitydiary/helpers/FuzzyTimeSpanFormatter.java;de/rampro/activitydiary/helpers/GraphicsHelper.java;de/rampro/activitydiary/helpers/RefreshService.java;de/rampro/activitydiary/model/DiaryActivity.java;de/rampro/activitydiary/model/conditions/AlphabeticalCondition.java;de/rampro/activitydiary/model/conditions/Condition.java;de/rampro/activitydiary/model/conditions/DayTimeCondition.java;de/rampro/activitydiary/model/conditions/GlobalOccurrenceCondition.java;de/rampro/activitydiary/model/conditions/PredecessorCondition.java;de/rampro/activitydiary/search/ActivityDiarySuggestionProvider.java;de/rampro/activitydiary/ui/generic/BaseActivity.java;de/rampro/activitydiary/ui/generic/DetailRecyclerViewAdapter.java;de/rampro/activitydiary/ui/generic/EditActivity.java;de/rampro/activitydiary/ui/main/MainActivity.java;de/rampro/activitydiary/ui/main/SelectRecyclerViewAdapter.java;de/rampro/activitydiary/ui/main/SelectViewHolders.java,0.0,0.0,0.0,25.76
21,diary155,android/support/v7/preference/R.java;de/rampro/activitydiary/ui/generic/EditActivity.java;de/rampro/activitydiary/ui/history/HistoryActivity.java;de/rampro/activitydiary/ui/history/HistoryRecyclerViewAdapter.java;de/rampro/activitydiary/ui/history/HistoryViewHolders.java;de/rampro/activitydiary/ui/main/NoteEditDialog.java;de/rampro/activitydiary/ui/settings/SettingsActivity.java;de/rampro/activitydiary/ui/settings/SettingsFragment.java;android/support/constraint/R.java;android/support/coreui/R.java;android/support/design/R.java;android/support/v7/appcompat/R.java;android/support/v7/cardview/R.java;android/support/v7/recyclerview/R.java;de/rampro/activitydiary/ActivityDiaryApplication.java;de/rampro/activitydiary/CoverageReceiver.java;de/rampro/activitydiary/db/ActivityDiaryContentProvider.java;de/rampro/activitydiary/db/ActivityDiaryContract.java;de/rampro/activitydiary/db/LocalDBHelper.java;de/rampro/activitydiary/helpers/ActivityHelper.java;de/rampro/activitydiary/helpers/FuzzyTimeSpanFormatter.java;de/rampro/activitydiary/helpers/GraphicsHelper.java;de/rampro/activitydiary/helpers/RefreshService.java;de/rampro/activitydiary/model/DiaryActivity.java;de/rampro/activitydiary/model/conditions/AlphabeticalCondition.java;de/rampro/activitydiary/model/conditions/Condition.java;de/rampro/activitydiary/model/conditions/DayTimeCondition.java;de/rampro/activitydiary/model/conditions/GlobalOccurrenceCondition.java;de/rampro/activitydiary/model/conditions/PredecessorCondition.java;de/rampro/activitydiary/search/ActivityDiarySuggestionProvider.java;de/rampro/activitydiary/ui/generic/BaseActivity.java;de/rampro/activitydiary/ui/generic/DetailRecyclerViewAdapter.java;de/rampro/activitydiary/ui/history/HistoryDetailActivity.java;de/rampro/activitydiary/ui/main/MainActivity.java;de/rampro/activitydiary/ui/main/SelectRecyclerViewAdapter.java;de/rampro/activitydiary/ui/main/SelectViewHolders.java,0.0,0.0,0.0,25.76
22,aard140,itkach/aard2/Application.java;itkach/aard2/ArticleCollectionActivity.java;itkach/aard2/ArticleFragment.java;itkach/aard2/ArticleWebView.java;itkach/aard2/BaseDescriptor.java;itkach/aard2/BaseDescriptorList.java;itkach/aard2/BaseListFragment.java;itkach/aard2/BlobDescriptor.java;itkach/aard2/BlobDescriptorList.java;itkach/aard2/BlobDescriptorListAdapter.java;itkach/aard2/BlobDescriptorListFragment.java;itkach/aard2/BlobListAdapter.java;itkach/aard2/CheckableRelativeLayout.java;itkach/aard2/CoverageReceiver.java;itkach/aard2/DescriptorStore.java;itkach/aard2/DictionariesFragment.java;itkach/aard2/DictionaryListAdapter.java;itkach/aard2/IconMaker.java;itkach/aard2/LookupFragment.java;itkach/aard2/MainActivity.java;itkach/aard2/SearchableWebView.java;itkach/aard2/SettingsFragment.java;itkach/aard2/SettingsListAdapter.java;itkach/aard2/SlobDescriptor.java;itkach/aard2/SlobDescriptorList.java;itkach/aard2/Util.java,0.0,0.0,1.0,28.12
23,tasks3426,com/todoroo/astrid/api/SearchFilter.kt;com/todoroo/astrid/service/Upgrader.kt;org/tasks/backup/BackupContainer.kt;org/tasks/backup/TasksJsonExporter.kt;org/tasks/caldav/iCalendar.kt;org/tasks/jobs/BackupWork.kt;org/tasks/preferences/IconPreference.kt;com/todoroo/astrid/activity/MainActivity.kt;com/todoroo/astrid/activity/MainActivityViewModel.kt;com/todoroo/astrid/activity/TaskEditFragment.kt;com/todoroo/astrid/activity/TaskListFragment.kt;com/todoroo/astrid/adapter/TaskAdapter.kt;com/todoroo/astrid/adapter/TaskAdapterProvider.kt;com/todoroo/astrid/alarms/AlarmCalculator.kt;com/todoroo/astrid/alarms/AlarmService.kt;com/todoroo/astrid/api/CaldavFilter.kt;com/todoroo/astrid/api/EmptyFilter.kt;com/todoroo/astrid/api/Filter.kt;com/todoroo/astrid/api/FilterListItem.kt;com/todoroo/astrid/core/BuiltInFilterExposer.kt;com/todoroo/astrid/dao/TaskDao.kt;com/todoroo/astrid/files/FilesControlSet.kt;com/todoroo/astrid/gcal/GCalHelper.kt;com/todoroo/astrid/provider/Astrid2TaskProvider.kt;com/todoroo/astrid/repeats/RepeatControlSet.kt;com/todoroo/astrid/repeats/RepeatTaskHelper.kt;com/todoroo/astrid/service/TaskCompleter.kt;com/todoroo/astrid/service/TaskCreator.kt;com/todoroo/astrid/service/TaskDeleter.kt;com/todoroo/astrid/service/TaskDuplicator.kt;com/todoroo/astrid/service/TaskMover.kt;com/todoroo/astrid/tags/TagsControlSet.kt;com/todoroo/astrid/timers/TimerControlSet.kt;com/todoroo/astrid/timers/TimerPlugin.kt;com/todoroo/astrid/ui/ReminderControlSet.kt;com/todoroo/astrid/ui/ReminderControlSetViewModel.kt;com/todoroo/astrid/ui/StartDateControlSet.kt;com/todoroo/astrid/ui/StartDateViewModel.kt;com/todoroo/astrid/ui/TimeDurationControlSet.kt;com/todoroo/astrid/utility/TitleParser.kt;org/tasks/BuildSetup.kt;org/tasks/LocalBroadcastManager.kt;org/tasks/Notifier.kt;org/tasks/ShortcutManager.kt;org/tasks/Strings.kt;org/tasks/Tasks.kt;org/tasks/activities/DragAndDropDiffer.kt;org/tasks/analytics/Firebase.kt;org/tasks/billing/BillingClientImpl.kt;org/tasks/billing/Inventory.kt;org/tasks/billing/SignatureVerifier.kt;org/tasks/caldav/CaldavSynchronizer.kt;org/tasks/caldav/FileStorage.kt;org/tasks/caldav/VtodoCache.kt;org/tasks/caldav/property/Invite.kt;org/tasks/caldav/property/OCInvite.kt;org/tasks/caldav/property/OCOwnerPrincipal.kt;org/tasks/caldav/property/PropertyUtils.kt;org/tasks/caldav/property/ShareAccess.kt;org/tasks/compose/AddReminderDialog.kt;org/tasks/compose/Banner.kt;org/tasks/compose/Chip.kt;org/tasks/compose/ChipGroup.kt;org/tasks/compose/CustomDialog.kt;org/tasks/compose/DisabledText.kt;org/tasks/compose/FilterChip.kt;org/tasks/compose/FlowHelpers.kt;org/tasks/compose/SystemBars.kt;org/tasks/compose/TaskEditIcon.kt;org/tasks/compose/TaskEditRow.kt;org/tasks/compose/drawer/AnchoredDraggable.kt;org/tasks/compose/drawer/DrawerItem.kt;org/tasks/compose/drawer/InternalMutatorMutex.kt;org/tasks/compose/drawer/ModalBottomSheet.kt;org/tasks/compose/drawer/SheetState.kt;org/tasks/compose/drawer/TaskListDrawer.kt;org/tasks/compose/drawer/TasksMenu.kt;org/tasks/compose/edit/AlarmRow.kt;org/tasks/compose/edit/AttachmentRow.kt;org/tasks/compose/edit/CalendarRow.kt;org/tasks/compose/edit/DescriptionRow.kt;org/tasks/compose/edit/DueDateRow.kt;org/tasks/compose/edit/InfoRow.kt;org/tasks/compose/edit/ListRow.kt;org/tasks/compose/edit/LocationRow.kt;org/tasks/compose/edit/PriorityRow.kt;org/tasks/compose/edit/RepeatRow.kt;org/tasks/compose/edit/StartDateRow.kt;org/tasks/compose/edit/SubtaskRow.kt;org/tasks/compose/edit/TagsRow.kt;org/tasks/compose/edit/TimerRow.kt;org/tasks/compose/pickers/CheckableIconRow.kt;org/tasks/compose/pickers/CollapsibleRow.kt;org/tasks/compose/pickers/FilterPicker.kt;org/tasks/data/CaldavAccountExtensions.kt;org/tasks/data/CaldavDaoExtensions.kt;org/tasks/data/LocationDaoExtensions.kt;org/tasks/data/OpenTaskDao.kt;org/tasks/data/TagDataDaoExtensions.kt;org/tasks/data/TaskDaoExtensions.kt;org/tasks/data/TaskExtensions.kt;org/tasks/data/TaskListQuery.kt;org/tasks/data/TaskListQueryRecursive.kt;org/tasks/date/DateTimeUtils.kt;org/tasks/db/Migrations.kt;org/tasks/db/QueryUtils.kt;org/tasks/dialogs/AddAttachmentDialog.kt;org/tasks/dialogs/AlertDialogBuilder.kt;org/tasks/dialogs/BaseDateTimePicker.kt;org/tasks/dialogs/FilterPicker.kt;org/tasks/dialogs/FilterPickerViewModel.kt;org/tasks/dialogs/Linkify.kt;org/tasks/dialogs/MyTimePickerDialog.kt;org/tasks/dialogs/SortSettingsActivity.kt;org/tasks/dialogs/SortSettingsViewModel.kt;org/tasks/dialogs/StartDatePicker.kt;org/tasks/extensions/ActivityExtensions.kt;org/tasks/extensions/Context.kt;org/tasks/extensions/MenuItem.kt;org/tasks/files/FileHelper.kt;org/tasks/filters/AlphanumComparator.kt;org/tasks/filters/FilterProvider.kt;org/tasks/filters/MyTasksFilter.kt;org/tasks/filters/NavigationDrawerSubheader.kt;org/tasks/filters/NotificationsFilter.kt;org/tasks/filters/RecentlyModifiedFilter.kt;org/tasks/filters/SnoozedFilter.kt;org/tasks/filters/SubtaskFilter.kt;org/tasks/filters/TodayFilter.kt;org/tasks/fragments/TaskEditControlSetFragmentManager.kt;org/tasks/injection/ActivityModule.kt;org/tasks/injection/ActivityRetainedModule.kt;org/tasks/injection/ApplicationModule.kt;org/tasks/injection/BaseWorker.kt;org/tasks/injection/FlavorModule.kt;org/tasks/injection/InjectingJobIntentService.kt;org/tasks/injection/ProductionModule.kt;org/tasks/injection/ThemedInjectingAppCompatActivity.kt;org/tasks/injection/ViewModelModule.kt;org/tasks/jobs/NotificationWork.kt;org/tasks/jobs/RefreshWork.kt;org/tasks/jobs/RepeatingWorker.kt;org/tasks/jobs/UpdatePurchaseWork.kt;org/tasks/jobs/WorkManager.kt;org/tasks/jobs/WorkManagerImpl.kt;org/tasks/location/GeofenceApi.kt;org/tasks/location/LocationServiceGooglePlay.kt;org/tasks/markdown/MarkdownDisabled.kt;org/tasks/markdown/MarkdownProvider.kt;org/tasks/notifications/NotificationManager.kt;org/tasks/notifications/Throttle.kt;org/tasks/notifications/ThrottledNotificationManager.kt;org/tasks/opentasks/OpenTaskContentObserver.kt;org/tasks/play/PlayServices.kt;org/tasks/preferences/DefaultFilterProvider.kt;org/tasks/preferences/Preferences.kt;org/tasks/provider/TasksContentProvider.kt;org/tasks/repeats/BasicRecurrenceDialog.kt;org/tasks/repeats/RecurrenceUtils.kt;org/tasks/repeats/RepeatRuleToString.kt;org/tasks/scheduling/NotificationSchedulerIntentService.kt;org/tasks/sync/Debouncer.kt;org/tasks/sync/SyncAdapters.kt;org/tasks/tags/TagPickerActivity.kt;org/tasks/tags/TagPickerViewModel.kt;org/tasks/tasklist/DiffCallback.kt;org/tasks/tasklist/DragAndDropRecyclerAdapter.kt;org/tasks/tasklist/HeaderFormatter.kt;org/tasks/tasklist/SectionedDataSource.kt;org/tasks/tasklist/TaskListRecyclerAdapter.kt;org/tasks/tasklist/TaskViewHolder.kt;org/tasks/tasklist/ViewHolderFactory.kt;org/tasks/themes/ColorProvider.kt;org/tasks/themes/CustomIcons.kt;org/tasks/themes/Theme.kt;org/tasks/time/DateTimeUtils.kt;org/tasks/ui/CalendarControlSet.kt;org/tasks/ui/CheckBoxProvider.kt;org/tasks/ui/ChipListCache.kt;org/tasks/ui/ChipProvider.kt;org/tasks/ui/EmptyTaskEditFragment.kt;org/tasks/ui/LocationControlSet.kt;org/tasks/ui/SubtaskControlSet.kt;org/tasks/ui/TaskEditControlFragment.kt;org/tasks/ui/TaskEditViewModel.kt;org/tasks/ui/TaskListEvent.kt;org/tasks/ui/TaskListViewModel.kt;org/tasks/widget/AppWidgetManager.kt,0.0,0.0,0.0,0.36
