serial_num,bug_id,ranking,first_idx,hit@1,hit@5,hit@10,file_amount,exam_score
1,markor1652,net/gsantner/markor/ui/fsearch/FileSearchDialog.java;net/gsantner/markor/ui/SearchOrCustomTextDialogCreator.java;net/gsantner/markor/activity/MainActivity.java;net/gsantner/opoc/ui/FilesystemViewerFragment.java;net/gsantner/markor/util/AppSettings.java;net/gsantner/opoc/util/ContextUtils.java;net/gsantner/opoc/android/dummy/TextWatcherDummy.java,4,0.0,1.0,1.0,161.0,2.48
2,markor1668,other/writeily/ui/WrRenameDialog.java;net/gsantner/opoc/ui/FilesystemViewerFragment.java;net/gsantner/opoc/ui/FilesystemViewerAdapter.java;net/gsantner/opoc/util/FileUtils.java;net/gsantner/opoc/util/FileWithCachedData.java;net/gsantner/markor/activity/MainActivity.java;net/gsantner/markor/format/TextFormat.java;net/gsantner/opoc/ui/FilesystemViewerData.java,1,1.0,1.0,1.0,161.0,0.62
3,markor1695,other/writeily/ui/WrRenameDialog.java;net/gsantner/opoc/ui/FilesystemViewerFragment.java;net/gsantner/opoc/ui/FilesystemViewerAdapter.java;net/gsantner/opoc/util/FileUtils.java;net/gsantner/opoc/util/FileWithCachedData.java;net/gsantner/markor/activity/MainActivity.java;net/gsantner/markor/format/TextFormat.java;net/gsantner/opoc/ui/FilesystemViewerData.java;net/gsantner/opoc/util/ShareUtil.java,4,0.0,1.0,1.0,162.0,2.47
4,markor2153,net/gsantner/opoc/ui/FilesystemViewerAdapter.java;net/gsantner/markor/util/AppSettings.java,1,1.0,1.0,1.0,167.0,0.6
5,markor2199,net/gsantner/markor/frontend/NewFileDialog.java;net/gsantner/markor/activity/MainActivity.java;net/gsantner/markor/frontend/MarkorDialogFactory.java;net/gsantner/markor/activity/DocumentEditAndViewFragment.java;net/gsantner/markor/model/AppSettings.java;net/gsantner/opoc/util/GsContextUtils.java;net/gsantner/opoc/util/GsFileUtils.java;net/gsantner/opoc/wrapper/GsAndroidSpinnerOnItemSelectedAdapter.java;net/gsantner/markor/frontend/textview/TextViewUtils.java;net/gsantner/opoc/frontend/filebrowser/GsFileBrowserFragment.java;net/gsantner/opoc/frontend/filebrowser/GsFileBrowserListAdapter.java;other/de/stanetz/jpencconverter/PasswordStore.java,1,1.0,1.0,1.0,167.0,0.6
6,markor2250,net/gsantner/markor/frontend/NewFileDialog.java;net/gsantner/opoc/frontend/filebrowser/GsFileBrowserListAdapter.java;net/gsantner/opoc/frontend/filebrowser/GsFileBrowserFragment.java;net/gsantner/opoc/util/GsContextUtils.java;net/gsantner/markor/activity/MainActivity.java;net/gsantner/markor/model/AppSettings.java;net/gsantner/opoc/util/GsFileUtils.java;net/gsantner/markor/frontend/MarkorDialogFactory.java;net/gsantner/opoc/wrapper/GsAndroidSpinnerOnItemSelectedAdapter.java;net/gsantner/opoc/frontend/base/GsFragmentBase.java;net/gsantner/markor/activity/MarkorBaseActivity.java;other/de/stanetz/jpencconverter/PasswordStore.java,1,1.0,1.0,1.0,167.0,0.6
7,amaze3991,com/amaze/filemanager/utils/DataUtils.java;com/amaze/filemanager/asynchronous/asynctasks/LoadFilesListTask.java;com/amaze/filemanager/ui/fragments/MainFragment.java;com/amaze/filemanager/ui/activities/MainActivity.java;com/amaze/filemanager/adapters/RecyclerAdapter.java;com/amaze/filemanager/filesystem/HybridFile.java;com/amaze/filemanager/ui/views/appbar/BottomBar.java;com/amaze/filemanager/ui/views/drawer/Drawer.java;com/amaze/filemanager/utils/MainActivityHelper.java;com/amaze/filemanager/ui/colors/ColorUtils.java;com/amaze/filemanager/ui/fragments/TabFragment.java;com/amaze/filemanager/ui/views/FastScroller.java;com/amaze/filemanager/ui/views/appbar/SearchView.java;com/amaze/filemanager/ui/views/drawer/CustomNavigationView.java,2,0.0,1.0,1.0,201.0,1.0
8,omni937,it/feio/android/omninotes/utils/TagsHelper.java;it/feio/android/omninotes/db/DbHelper.java;it/feio/android/omninotes/ListFragment.java;it/feio/android/omninotes/DetailFragment.java;it/feio/android/omninotes/models/Tag.java;it/feio/android/omninotes/async/notes/NoteLoaderTask.java;it/feio/android/omninotes/utils/AnimationsHelper.java;it/feio/android/omninotes/models/listeners/RecyclerViewItemClickSupport.java,3,0.0,1.0,1.0,213.0,1.41
9,omni938,it/feio/android/omninotes/models/adapters/CategoryRecyclerViewAdapter.java;it/feio/android/omninotes/ListFragment.java;it/feio/android/omninotes/MainActivity.java;it/feio/android/omninotes/DetailFragment.java;it/feio/android/omninotes/NavigationDrawerFragment.java;it/feio/android/omninotes/BaseActivity.java;it/feio/android/omninotes/models/adapters/NoteAdapter.java;it/feio/android/omninotes/models/listeners/RecyclerViewItemClickSupport.java,4,0.0,1.0,1.0,213.0,1.88
10,omni939,it/feio/android/omninotes/ListFragment.java;it/feio/android/omninotes/db/DbHelper.java;it/feio/android/omninotes/async/notes/NoteProcessorArchive.java;it/feio/android/omninotes/async/notes/NoteProcessor.java;it/feio/android/omninotes/models/adapters/NoteAdapter.java;it/feio/android/omninotes/MainActivity.java;it/feio/android/omninotes/models/NavigationItem.java;it/feio/android/omninotes/models/adapters/NavDrawerAdapter.java;it/feio/android/omninotes/models/misc/DynamicNavigationLookupTable.java,1,1.0,1.0,1.0,213.0,0.47
11,omni942,it/feio/android/omninotes/utils/TagsHelper.java;it/feio/android/omninotes/db/DbHelper.java;it/feio/android/omninotes/DetailFragment.java;it/feio/android/omninotes/models/Tag.java;it/feio/android/omninotes/BaseFragment.java,1,1.0,1.0,1.0,213.0,0.47
12,omni945,it/feio/android/omninotes/CategoryActivity.java;it/feio/android/omninotes/async/CategoryMenuTask.java;it/feio/android/omninotes/models/adapters/CategoryBaseAdapter.java;it/feio/android/omninotes/ListFragment.java;it/feio/android/omninotes/MainActivity.java,1,1.0,1.0,1.0,213.0,0.47
13,omni949,it/feio/android/omninotes/utils/TagsHelper.java;it/feio/android/omninotes/db/DbHelper.java;it/feio/android/omninotes/DetailFragment.java;it/feio/android/omninotes/models/Tag.java,1,1.0,1.0,1.0,212.0,0.47
14,omni950,it/feio/android/omninotes/CategoryActivity.java;it/feio/android/omninotes/async/CategoryMenuTask.java;it/feio/android/omninotes/db/DbHelper.java;it/feio/android/omninotes/models/Category.java;it/feio/android/omninotes/models/adapters/CategoryBaseAdapter.java;it/feio/android/omninotes/BaseActivity.java;it/feio/android/omninotes/MainActivity.java;it/feio/android/omninotes/ListFragment.java;it/feio/android/omninotes/NavigationDrawerFragment.java;it/feio/android/omninotes/DetailFragment.java;it/feio/android/omninotes/async/bus/SwitchFragmentEvent.java;it/feio/android/omninotes/async/notes/NoteLoaderTask.java;it/feio/android/omninotes/databinding/ActivityCategoryBinding.java;it/feio/android/omninotes/databinding/DrawerListItemBinding.java;it/feio/android/omninotes/databinding/FragmentDetailBinding.java;it/feio/android/omninotes/databinding/FragmentDetailContentBinding.java;it/feio/android/omninotes/helpers/date/DateHelper.java;it/feio/android/omninotes/models/Note.java;it/feio/android/omninotes/models/ONStyle.java;it/feio/android/omninotes/models/adapters/AttachmentAdapter.java;it/feio/android/omninotes/models/adapters/category/CategoryViewHolder.java;it/feio/android/omninotes/models/views/ExpandableHeightGridView.java;it/feio/android/omninotes/models/views/Fab.java;it/feio/android/omninotes/utils/AnimationsHelper.java;it/feio/android/omninotes/utils/GeocodeHelper.java;it/feio/android/omninotes/utils/IntentChecker.java;it/feio/android/omninotes/utils/KeyboardUtils.java;it/feio/android/omninotes/utils/date/DateUtils.java,3,0.0,1.0,1.0,212.0,1.42
15,omni951,it/feio/android/omninotes/utils/TagsHelper.java;it/feio/android/omninotes/db/DbHelper.java;it/feio/android/omninotes/ListFragment.java;it/feio/android/omninotes/models/Tag.java;it/feio/android/omninotes/async/notes/NoteLoaderTask.java;it/feio/android/omninotes/utils/AnimationsHelper.java;it/feio/android/omninotes/models/listeners/RecyclerViewItemClickSupport.java,3,0.0,1.0,1.0,212.0,1.42
16,omni954,it/feio/android/omninotes/db/DbHelper.java;it/feio/android/omninotes/ListFragment.java;it/feio/android/omninotes/NavigationDrawerFragment.java;it/feio/android/omninotes/async/MainMenuTask.java;it/feio/android/omninotes/utils/Navigation.java;it/feio/android/omninotes/models/NavigationItem.java;it/feio/android/omninotes/models/adapters/NavDrawerAdapter.java;it/feio/android/omninotes/async/bus/NavigationUpdatedEvent.java;it/feio/android/omninotes/async/bus/NavigationUpdatedNavDrawerClosedEvent.java;it/feio/android/omninotes/BaseActivity.java;it/feio/android/omninotes/models/views/Fab.java,1,1.0,1.0,1.0,212.0,0.47
17,omni956,it/feio/android/omninotes/utils/TagsHelper.java;it/feio/android/omninotes/db/DbHelper.java;it/feio/android/omninotes/models/Tag.java;it/feio/android/omninotes/ListFragment.java,4,0.0,1.0,1.0,212.0,1.89
18,omni981,it/feio/android/omninotes/ListFragment.java;it/feio/android/omninotes/BaseFragment.java;it/feio/android/omninotes/MainActivity.java;it/feio/android/omninotes/async/notes/NoteLoaderTask.java;it/feio/android/omninotes/async/CategoryMenuTask.java;it/feio/android/omninotes/models/adapters/NoteAdapter.java;it/feio/android/omninotes/models/holders/NoteViewHolder.java;it/feio/android/omninotes/databinding/NoteLayoutBinding.java,1,1.0,1.0,1.0,211.0,0.47
19,anki20279,com/ichi2/anki/CardBrowser.kt;com/ichi2/anki/browser/CardBrowserViewModel.kt;com/ichi2/anki/browser/CardBrowserFragment.kt;com/ichi2/anki/DeckPicker.kt;com/ichi2/anki/DeckSpinnerSelection.kt;com/ichi2/anki/NavigationDrawerActivity.kt;com/ichi2/anki/AnkiActivity.kt;com/ichi2/anki/CoroutineHelpers.kt;com/ichi2/anki/Flag.kt;com/ichi2/anki/dialogs/DeckSelectionDialog.kt;com/ichi2/anki/browser/BrowserColumnCollection.kt;com/ichi2/anki/browser/BrowserMultiColumnAdapter.kt;com/ichi2/anki/browser/BrowserRowCollection.kt;com/ichi2/anki/browser/CardBrowserColumn.kt;com/ichi2/anki/browser/CardBrowserFragmentViewModel.kt;com/ichi2/anki/browser/CardBrowserLaunchOptions.kt;com/ichi2/anki/browser/FindAndReplaceDialogFragment.kt;com/ichi2/anki/browser/LastDeckIdRepository.kt;com/ichi2/anki/browser/ReverseDirection.kt;com/ichi2/anki/browser/search/CardBrowserSearchViewModel.kt;com/ichi2/anki/browser/search/SavedSearches.kt;com/ichi2/anki/dialogs/SaveBrowserSearchDialogFragment.kt;com/ichi2/anki/dialogs/SavedBrowserSearchesDialogFragment.kt;com/ichi2/anki/dialogs/tags/TagsDialogFactory.kt;com/ichi2/anki/model/CardsOrNotes.kt;com/ichi2/anki/model/SelectableDeck.kt;com/ichi2/anki/model/SortType.kt;com/ichi2/anki/scheduling/ForgetCardsDialog.kt;com/ichi2/anki/settings/Prefs.kt;com/ichi2/anki/snackbar/SensibleSwipeDismissBehavior.kt;com/ichi2/anki/snackbar/Snackbars.kt;com/ichi2/anki/snackbar/SwipeDismissBehaviorFix.kt;com/ichi2/anki/ui/RecyclerFastScroller.kt;com/ichi2/anki/ui/dialogs/ActivityAgnosticDialogs.kt;com/ichi2/anki/ui/internationalization/SentenceCase.kt;com/ichi2/anki/utils/ext/FragmentActivity.kt;com/ichi2/ui/CardBrowserSearchView.kt;com/ichi2/ui/FixedTextView.kt;com/ichi2/ui/RtlCompliantActionProvider.kt;com/ichi2/utils/AlertDialogFacade.kt;com/ichi2/utils/ExtendedFragmentFactory.kt;com/ichi2/utils/HandlerUtils.kt;com/ichi2/utils/ViewUtils.kt;com/ichi2/anki/AnkiDroidApp.kt;com/ichi2/anki/DeckPickerFloatingActionMenu.kt;com/ichi2/anki/OnContextAndLongClickListener.kt;com/ichi2/anki/analytics/AnalyticsDialogFragment.kt,1,1.0,1.0,1.0,1330.0,0.08
20,diary132,de/rampro/activitydiary/helpers/ActivityHelper.java;de/rampro/activitydiary/ui/main/MainActivity.java,2,0.0,1.0,1.0,132.0,1.52
21,diary155,de/rampro/activitydiary/helpers/ActivityHelper.java;de/rampro/activitydiary/ui/main/MainActivity.java,2,0.0,1.0,1.0,132.0,1.52
22,aard140,itkach/aard2/BlobDescriptorList.java;itkach/aard2/BlobDescriptorListFragment.java;itkach/aard2/ArticleCollectionActivity.java;itkach/aard2/ArticleFragment.java;itkach/aard2/ArticleWebView.java;itkach/aard2/BlobDescriptorListAdapter.java;itkach/aard2/Application.java;itkach/aard2/MainActivity.java,1,1.0,1.0,1.0,32.0,3.12
23,tasks3426,org/tasks/ui/TaskListViewModel.kt;com/todoroo/astrid/api/SearchFilter.kt;com/todoroo/astrid/activity/TaskListFragment.kt;org/tasks/ui/TaskEditViewModel.kt;com/todoroo/astrid/activity/TaskEditFragment.kt;com/todoroo/astrid/activity/MainActivityViewModel.kt;com/todoroo/astrid/activity/MainActivity.kt,3,0.0,1.0,1.0,3078.0,0.1
