serial_num,bug_id,kea2_running_time(s),kea_FL_running_time(s),total_running_time(s)
1,markor1652,196.0,191.0,387.0
2,markor1668,190.0,190.0,380.0
3,markor1695,186.0,119.0,305.0
4,markor2153,185.0,92.0,277.0
5,markor2199,190.0,101.0,291.0
6,markor2250,193.0,185.0,378.0
7,amaze3991,309.0,137.0,446.0
8,omni937,128.0,153.0,281.0
9,omni938,130.0,132.0,262.0
10,omni939,128.0,121.0,249.0
11,omni942,126.0,101.0,227.0
12,omni945,140.0,154.0,294.0
13,omni949,135.0,128.0,263.0
14,omni950,250.0,111.0,361.0
15,omni951,254.0,116.0,370.0
16,omni954,248.0,630.0,878.0
17,omni956,152.0,159.0,311.0
18,omni981,130.0,138.0,268.0
19,anki20279,312.0,193.0,505.0
20,diary132,251.0,283.0,534.0
21,diary155,245.0,291.0,536.0
22,aard140,277.0,109.0,386.0
23,tasks3426,313.0,385.0,698.0
